id,type,page,section,title,alt,src,href,location,year,card_class,data_location,local_qid
,Photograph,Q315/Q3062/Q3019.html,Q3068,Grote Market,,https://pub-8fba570827334e7b82883893c875a08c.r2.dev/photography/places/belgium/antwerp/1024px-Grote_Market.jpg,,,,building-card,,
,Photograph,Q315/Q3062/Q3019.html,Q3070,Windows of City Hall In Copenhagen,,https://pub-8fba570827334e7b82883893c875a08c.r2.dev/photography/places/denmark/copenhagen/1024px-Windows_of_City_Hall_In_Copenhagen.jpg,,,,building-card,,
,Photograph,Q315/Q3062/Q3019.html,Q3072,Bridge view in Suomenlinna In Helsinki,,https://pub-8fba570827334e7b82883893c875a08c.r2.dev/photography/places/finland/suomenlinna/1024px-Bridge_view_in_Suomenlinna_In_Helsinki.jpg,,,,building-card,,
,Photograph,Q315/Q3062/Q3019.html,Q3073,Arch of Saint Trophime Cathedral,,https://pub-8fba570827334e7b82883893c875a08c.r2.dev/photography/places/france/arles/1024px-Arch_of_Saint-Trophime_Cathedral.jpg,,,,building-card,,
,Photograph,Q315/Q3062/Q3019.html,Q3073,Issoire   Kostel svatého Austremona   20130621142057,,https://pub-8fba570827334e7b82883893c875a08c.r2.dev/photography/places/france/issoire/1024px-Issoire_-_Kostel_svatého_Austremona_-_20130621142057.jpg,,,,building-card,,
,Photograph,Q315/Q3062/Q3019.html,Q3073,Issoire   Kostel svatého Austremona   20130621144506,,https://pub-8fba570827334e7b82883893c875a08c.r2.dev/photography/places/france/issoire/1024px-Issoire_-_Kostel_svatého_Austremona_-_20130621144506.jpg,,,,building-card,,
,Photograph,Q315/Q3062/Q3019.html,Q3073,Issoire   Kostel svatého Austremona   20130621142521,,https://pub-8fba570827334e7b82883893c875a08c.r2.dev/photography/places/france/issoire/1024px-Issoire_-_Kostel_svatého_Austremona_-_20130621142521.jpg,,,,building-card,,
,Photograph,Q315/Q3062/Q3019.html,Q3073,Arch on door of Basilique Saint Martin d'Ainay (Lyon),,https://pub-8fba570827334e7b82883893c875a08c.r2.dev/photography/places/france/lyon/1024px-Arch_on_door_of_Basilique_Saint-Martin_d'Ainay_(Lyon).jpg,,,,building-card,,
,Photograph,Q315/Q3062/Q3019.html,Q3073,"Arch, Cathédrale Sainte Marie Majeure",,"https://pub-8fba570827334e7b82883893c875a08c.r2.dev/photography/places/france/marseille/1024px-Arch,_Cathédrale_Sainte-Marie-Majeure.jpg",,,,building-card,,
,Photograph,Q315/Q3062/Q3019.html,Q3073,Cistern of the Chaplaincy of the Mont Saint Michel Abbey 03,,https://pub-8fba570827334e7b82883893c875a08c.r2.dev/photography/places/france/mont-saint-michel/1024px-Cistern_of_the_Chaplaincy_of_the_Mont_Saint-Michel_Abbey_03.jpg,,,,building-card,,
,Photograph,Q315/Q3062/Q3019.html,Q3073,View of Pont en Royans 06,,https://pub-8fba570827334e7b82883893c875a08c.r2.dev/photography/places/france/pont-en-royans/1024px-View_of_Pont-en-Royans_06.jpg,,,,building-card,,
,Photograph,Q315/Q3062/Q3019.html,Q3073,Aqueduc de Saint Nazaire en Royans 01,,https://pub-8fba570827334e7b82883893c875a08c.r2.dev/photography/places/france/saint-nazaire/1024px-Aqueduc_de_Saint-Nazaire-en-Royans_01.jpg,,,,building-card,,
,Photograph,Q315/Q3062/Q3019.html,Q3073,Eglise Saint Aubin (Toulouse) Arche 20171118,,https://pub-8fba570827334e7b82883893c875a08c.r2.dev/photography/places/france/toulouse/1024px-Eglise_Saint-Aubin_(Toulouse)_Arche_20171118.jpg,,,,building-card,,
,Photograph,Q315/Q3062/Q3019.html,Q3074,Barfüßerkirche (Erfurt) 13,,https://pub-8fba570827334e7b82883893c875a08c.r2.dev/photography/places/germany/erfurt/1024px-Barfüßerkirche_(Erfurt)_13.jpg,,,,building-card,,
,Photograph,Q315/Q3062/Q3019.html,Q3074,"Tower, Clouds and Trees Rothenburg",,"https://pub-8fba570827334e7b82883893c875a08c.r2.dev/photography/places/germany/rothenburg/1024px-Tower,_Clouds_and_Trees_Rothenburg.jpg",,,,building-card,,
,Photograph,Q315/Q3062/Q3019.html,Q3074,Windows of Wartburg Castle,,https://pub-8fba570827334e7b82883893c875a08c.r2.dev/photography/places/germany/wartburg/1024px-Windows_of_Wartburg_Castle.jpg,,,,building-card,,
,Photograph,Q315/Q3062/Q3019.html,Q3077,Chiesa del Gesù e dei Santi Ambrogio e Andrea (Genoa) 02,,https://pub-8fba570827334e7b82883893c875a08c.r2.dev/photography/places/italy/genoa/1024px-Chiesa_del_Gesù_e_dei_Santi_Ambrogio_e_Andrea_(Genoa)_02.jpg,,,,building-card,,
,Photograph,Q315/Q3062/Q3019.html,Q3082,Columns near Sé Catedral de Aveiro,,https://pub-8fba570827334e7b82883893c875a08c.r2.dev/photography/places/portugal/aveiro/1024px-Columns_near_Sé_Catedral_de_Aveiro.jpg,,,,building-card,,
,Photograph,Q315/Q3062/Q3019.html,Q3082,Bridge on Duoro River,,https://pub-8fba570827334e7b82883893c875a08c.r2.dev/photography/places/portugal/porto-bridge/1024px-Bridge_on_Duoro_River.jpg,,,,building-card,,
,Photograph,Q315/Q3062/Q3019.html,Q3082,Armazéns Cunhas,,https://pub-8fba570827334e7b82883893c875a08c.r2.dev/photography/places/portugal/porto/1024px-Armazéns_Cunhas.jpg,,,,building-card,,
,Photograph,Q315/Q3062/Q3019.html,Q3082,Buildings in Porto 12,,https://pub-8fba570827334e7b82883893c875a08c.r2.dev/photography/places/portugal/porto/1024px-Buildings_in_Porto_12.jpg,,,,building-card,,
,Photograph,Q315/Q3062/Q3019.html,Q3082,"Capela de Santa Catarina, Porto",,"https://pub-8fba570827334e7b82883893c875a08c.r2.dev/photography/places/portugal/porto/1024px-Capela_de_Santa_Catarina,_Porto.jpg",,,,building-card,,
,Photograph,Q315/Q3062/Q3019.html,Q3082,"Igrejas dos Carmelitas e do Carmo, Porto",,"https://pub-8fba570827334e7b82883893c875a08c.r2.dev/photography/places/portugal/porto/1024px-Igrejas_dos_Carmelitas_e_do_Carmo,_Porto.jpg",,,,building-card,,
,Photograph,Q315/Q3062/Q3019.html,Q3081,"Buildings, Gdansk",,"https://pub-8fba570827334e7b82883893c875a08c.r2.dev/photography/places/poland/gdańsk/1024px-Buildings,_Gdansk.jpg",,,,building-card,,
,Photograph,Q315/Q3062/Q3019.html,Q3085,"Granada   Alhambra, Generalife and Albayzín, Granada   20170721153837",,"https://pub-8fba570827334e7b82883893c875a08c.r2.dev/photography/places/spain/alhambra/1024px-Granada_-_Alhambra,_Generalife_and_Albayzín,_Granada_-_20170721153837.jpg",,,,building-card,,
,Photograph,Q315/Q3062/Q3019.html,Q3085,Granada   Alhambra   20170721160736,,https://pub-8fba570827334e7b82883893c875a08c.r2.dev/photography/places/spain/alhambra/1024px-Granada_-_Alhambra_-_20170721160736.jpg,,,,building-card,,
,Photograph,Q315/Q3062/Q3019.html,Q3085,"Granada   Alhambra, Generalife and Albayzín, Granada   20170721154400",,"https://pub-8fba570827334e7b82883893c875a08c.r2.dev/photography/places/spain/alhambra/1024px-Granada_-_Alhambra,_Generalife_and_Albayzín,_Granada_-_20170721154400.jpg",,,,building-card,,
,Photograph,Q315/Q3062/Q3019.html,Q3085,Exterior of Temple Expiatori del Sagrat Cor 02,,https://pub-8fba570827334e7b82883893c875a08c.r2.dev/photography/places/spain/barcelona/1024px-Exterior_of_Temple_Expiatori_del_Sagrat_Cor_02.jpg,,,,building-card,,
,Photograph,Q315/Q3062/Q3019.html,Q3086,Houses In Stockholm,,https://pub-8fba570827334e7b82883893c875a08c.r2.dev/photography/places/sweden/stockholm/1024px-Houses_In_Stockholm.jpg,,,,building-card,,
,Photograph,Q315/Q3062/Q3019.html,Q3086,Towers In Stockholm,,https://pub-8fba570827334e7b82883893c875a08c.r2.dev/photography/places/sweden/stockholm/1024px-Towers_In_Stockholm.jpg,,,,building-card,,
,Photograph,Q315/Q3062/Q3019.html,Q3086,View of Railway station In Helsinki,,https://pub-8fba570827334e7b82883893c875a08c.r2.dev/photography/places/sweden/stockholm/1024px-View_of_Railway_station_In_Helsinki.jpg,,,,building-card,,
,Photograph,Q315/Q3062/Q3019.html,Q3088,Delft   Oude Kerk   20160815125033,,https://pub-8fba570827334e7b82883893c875a08c.r2.dev/photography/places/netherlands/oude-kerk/1024px-Delft_-_Oude_Kerk_-_20160815125033.jpg,,,,building-card,,
,Photograph,Q315/Q3062/Q3019.html,Q3088,Delft   Nieuwe Kerk   20160815131926,,https://pub-8fba570827334e7b82883893c875a08c.r2.dev/photography/places/netherlands/nieuwe-kerk/1024px-Delft_-_Nieuwe_Kerk_-_20160815131926.jpg,,,,building-card,,
,Photograph,Q315/Q3062/Q3019.html,Q3088,Delft   Nieuwe Kerk   20160815125457,,https://pub-8fba570827334e7b82883893c875a08c.r2.dev/photography/places/netherlands/nieuwe-kerk/1024px-Delft_-_Nieuwe_Kerk_-_20160815125457.jpg,,,,building-card,,
,Photograph,Q315/Q3062/Q3019.html,Q3089,Fountain in St. Peter's Square 02,,https://pub-8fba570827334e7b82883893c875a08c.r2.dev/photography/places/vatican/vatican/1024px-Fountain_in_St._Peter's_Square_02.jpg,,,,building-card,,
,Photograph,Q315/Q3062/Q3020.html,Q3073,Carnon plage,,https://pub-8fba570827334e7b82883893c875a08c.r2.dev/photography/places/france/carnon/1024px-Carnon_plage.jpg,,,,beach-card,,
,Photograph,Q315/Q3062/Q3020.html,Q3073,Yachts seen from Calanques,,https://pub-8fba570827334e7b82883893c875a08c.r2.dev/photography/places/france/marseille/1024px-Yachts_seen_from_Calanques.jpg,,,,beach-card,,
,Photograph,Q315/Q3062/Q3020.html,Q3073,Carnon plage,,https://pub-8fba570827334e7b82883893c875a08c.r2.dev/photography/places/france/mauguio/1024px-Carnon_plage.jpg,,,,beach-card,,
,Photograph,Q315/Q3062/Q3020.html,Q3075,"Clear sea water, Heraklion",,"https://pub-8fba570827334e7b82883893c875a08c.r2.dev/photography/places/greece/heraklion/1024px-Clear_sea_water,_Heraklion.jpg",,,,beach-card,,
,Photograph,Q315/Q3062/Q3020.html,Q3077,"Sea Gull, Venice Beach",,"https://pub-8fba570827334e7b82883893c875a08c.r2.dev/photography/places/italy/venice/1024px-Sea_Gull,_Venice_Beach.jpg",,,,beach-card,,
,Photograph,Q315/Q3062/Q3020.html,Q3082,Porto beach 06,,https://pub-8fba570827334e7b82883893c875a08c.r2.dev/photography/places/portugal/porto/1024px-Porto_beach_06.jpg,,,,beach-card,,
,Photograph,Q315/Q3062/Q3021.html,Q3070,Boats in Copenhagen,,https://pub-8fba570827334e7b82883893c875a08c.r2.dev/photography/places/denmark/copenhagen/1024px-Boats_in_Copenhagen.jpg,,Q3099,,boat-card,,
,Photograph,Q315/Q3062/Q3021.html,Q3077,"Gondolas, Venice",,"https://pub-8fba570827334e7b82883893c875a08c.r2.dev/photography/places/italy/venice/1024px-Gondolas,_Venice.jpg",,Q3144,,boat-card,,
,Photograph,Q315/Q3062/Q3021.html,Q3077,Gondolas in Venice,,https://pub-8fba570827334e7b82883893c875a08c.r2.dev/photography/places/italy/venice/1024px-Gondolas_in_Venice.jpg,,Q3144,,boat-card,,
,Photograph,Q315/Q3062/Q3021.html,Q3081,Boat on Motława river in Gdańsk,,https://pub-8fba570827334e7b82883893c875a08c.r2.dev/photography/places/poland/gdańsk/1024px-Boat_on_Motława_river_in_Gdańsk.jpg,,Q3149,,boat-card,,
,Photograph,Q315/Q3062/Q3021.html,Q3081,Boats In Gdansk,,https://pub-8fba570827334e7b82883893c875a08c.r2.dev/photography/places/poland/gdańsk/1024px-Boats_In_Gdansk.jpg,,Q3149,,boat-card,,
,Photograph,Q315/Q3062/Q3021.html,Q3081,Boats and crane In Gdansk,,https://pub-8fba570827334e7b82883893c875a08c.r2.dev/photography/places/poland/gdańsk/1024px-Boats_and_crane_In_Gdansk.jpg,,Q3149,,boat-card,,
,Photograph,Q315/Q3062/Q3021.html,Q3082,Canal in Aveiro 14,,https://pub-8fba570827334e7b82883893c875a08c.r2.dev/photography/places/portugal/aveiro/1024px-Canal_in_Aveiro_14.jpg,,Q3154,,boat-card,,
,Photograph,Q315/Q3062/Q3021.html,Q3082,"Sailboat, Porto",,"https://pub-8fba570827334e7b82883893c875a08c.r2.dev/photography/places/portugal/porto/1024px-Sailboat,_Porto.jpg",,Q3157,,boat-card,,
,Photograph,Q315/Q3062/Q3021.html,Q3082,"Boats at dusk, Porto",,"https://pub-8fba570827334e7b82883893c875a08c.r2.dev/photography/places/portugal/porto-dusk/1024px-Boats_at_dusk,_Porto.jpg",,Q3199,,boat-card,,
,Photograph,Q315/Q3062/Q3021.html,Q3082,"Boats, Porto",,"https://pub-8fba570827334e7b82883893c875a08c.r2.dev/photography/places/portugal/porto/1024px-Boats,_Porto.jpg",,Q3157,,boat-card,,
,Photograph,Q315/Q3062/Q3021.html,Q3086,Boat In Stockholm,,https://pub-8fba570827334e7b82883893c875a08c.r2.dev/photography/places/sweden/stockholm/1024px-Boat_In_Stockholm.jpg,,Q3167,,boat-card,,
,Photograph,Q315/Q3062/Q3021.html,Q3086,Water and boat In Stockholm,,https://pub-8fba570827334e7b82883893c875a08c.r2.dev/photography/places/sweden/stockholm/1024px-Water_and_boat_In_Stockholm.jpg,,Q3167,,boat-card,,
,Photograph,Q315/Q3062/Q3021.html,Q3087,"Jet d'eau, Geneva",,"https://pub-8fba570827334e7b82883893c875a08c.r2.dev/photography/places/switzerland/geneva/1024px-Jet_d'eau,_Geneva.jpg",,Q3168,,boat-card,,
,Photograph,Q315/Q3062/Q3022.html,Q3068,Reflection of buildings in water,,https://pub-8fba570827334e7b82883893c875a08c.r2.dev/photography/places/belgium/bruges/1024px-Reflection_of_buildings_in_water.jpg,,Q3092,,bridge-card,,
,Photograph,Q315/Q3062/Q3022.html,Q3072,View of bridge in Suomenlinna In Helsinki,,https://pub-8fba570827334e7b82883893c875a08c.r2.dev/photography/places/finland/suomenlinna/1024px-View_of_bridge_in_Suomenlinna_In_Helsinki.jpg,,Q3177,,bridge-card,,
,Photograph,Q315/Q3062/Q3022.html,Q3073,Aqueduc de Saint Nazaire en Royans 01,,https://pub-8fba570827334e7b82883893c875a08c.r2.dev/photography/places/france/saint-nazaire-en-royans/1024px-Aqueduc_de_Saint-Nazaire-en-Royans_01.jpg,,Q3126,,bridge-card,,
,Photograph,Q315/Q3062/Q3022.html,Q3077,Bridge in Florence 04,,https://pub-8fba570827334e7b82883893c875a08c.r2.dev/photography/places/italy/florence/1024px-Bridge_in_Florence_04.jpg,,Q3139,,bridge-card,,
,Photograph,Q315/Q3062/Q3022.html,Q3077,Reflection of buildings in Pisa 01,,https://pub-8fba570827334e7b82883893c875a08c.r2.dev/photography/places/italy/pisa/1024px-Reflection_of_buildings_in_Pisa_01.jpg,,Q3142,,bridge-card,,
,Photograph,Q315/Q3062/Q3022.html,Q3078,Bride on Daugava river In Riga,,https://pub-8fba570827334e7b82883893c875a08c.r2.dev/photography/places/latvia/riga/1024px-Bride_on_Daugava_river_In_Riga.jpg,,Q3145,,bridge-card,,
,Photograph,Q315/Q3062/Q3022.html,Q3078,"Train, Bridge on Daugava River",,"https://pub-8fba570827334e7b82883893c875a08c.r2.dev/photography/places/latvia/riga-railway/1024px-Train,_Bridge_on_Daugava_River.jpg",,Q3200,,bridge-card,,
,Photograph,Q315/Q3062/Q3022.html,Q3078,Bridge on Daugava River,,https://pub-8fba570827334e7b82883893c875a08c.r2.dev/photography/places/latvia/riga/1024px-Bridge_on_Daugava_River.jpg,,Q3145,,bridge-card,,
,Photograph,Q315/Q3062/Q3022.html,Q3082,Bridge in Aveiro 07,,https://pub-8fba570827334e7b82883893c875a08c.r2.dev/photography/places/portugal/aveiro/1024px-Bridge_in_Aveiro_07.jpg,,Q3154,,bridge-card,,
,Photograph,Q315/Q3062/Q3022.html,Q3082,Bridge in Aveiro 04,,https://pub-8fba570827334e7b82883893c875a08c.r2.dev/photography/places/portugal/aveiro/1024px-Bridge_in_Aveiro_04.jpg,,Q3154,,bridge-card,,
,Photograph,Q315/Q3062/Q3022.html,Q3082,Bridge in Aveiro 05,,https://pub-8fba570827334e7b82883893c875a08c.r2.dev/photography/places/portugal/aveiro/1024px-Bridge_in_Aveiro_05.jpg,,Q3154,,bridge-card,,
,Photograph,Q315/Q3062/Q3022.html,Q3082,Bridge on Duoro River,,https://pub-8fba570827334e7b82883893c875a08c.r2.dev/photography/places/portugal/porto-douro/1024px-Bridge_on_Duoro_River.jpg,,Q3201,,bridge-card,,
,Photograph,Q315/Q3062/Q3022.html,Q3082,"Shadows and bridge at sunset, Porto",,"https://pub-8fba570827334e7b82883893c875a08c.r2.dev/photography/places/portugal/porto-sunset/1024px-Shadows_and_bridge_at_sunset,_Porto.jpg",,Q3202,,bridge-card,,
,Photograph,Q315/Q3062/Q3022.html,Q3082,Dom Luis I bridge 13,,https://pub-8fba570827334e7b82883893c875a08c.r2.dev/photography/places/portugal/porto-dom-luis-i/1024px-Dom_Luis_I_bridge_13.jpg,,Q3203,,bridge-card,,
,Photograph,Q315/Q3062/Q3022.html,Q3086,Towers In Stockholm,,https://pub-8fba570827334e7b82883893c875a08c.r2.dev/photography/places/sweden/stockholm/1024px-Towers_In_Stockholm.jpg,,Q3167,,bridge-card,,
,Photograph,Q315/Q3062/Q3023.html,Q3073,Issoire   Kostel svatého Austremona   20130621142057,,https://pub-8fba570827334e7b82883893c875a08c.r2.dev/photography/places/france/issoire/1024px-Issoire_-_Kostel_svatého_Austremona_-_20130621142057.jpg,,,,ceiling-card,,
,Photograph,Q315/Q3062/Q3023.html,Q3073,Interior of Cathédrale Saint Pierre de Nantes 23,,https://pub-8fba570827334e7b82883893c875a08c.r2.dev/photography/places/france/nantes/1024px-Interior_of_Cathédrale_Saint-Pierre_de_Nantes_23.jpg,,,,ceiling-card,,
,Photograph,Q315/Q3062/Q3023.html,Q3073,Interior of Église Saint Clément (Nantes) 02,,https://pub-8fba570827334e7b82883893c875a08c.r2.dev/photography/places/france/nantes/1024px-Interior_of_Église_Saint-Clément_(Nantes)_02.jpg,,,,ceiling-card,,
,Photograph,Q315/Q3062/Q3023.html,Q3073,Interior of Cathédrale Saint Pierre de Nantes 11,,https://pub-8fba570827334e7b82883893c875a08c.r2.dev/photography/places/france/nantes/1024px-Interior_of_Cathédrale_Saint-Pierre_de_Nantes_11.jpg,,,,ceiling-card,,
,Photograph,Q315/Q3062/Q3023.html,Q3073,Interior of Basilique Saint Nicolas (Nantes) 02,,https://pub-8fba570827334e7b82883893c875a08c.r2.dev/photography/places/france/nantes/1024px-Interior_of_Basilique_Saint-Nicolas_(Nantes)_02.jpg,,,,ceiling-card,,
,Photograph,Q315/Q3062/Q3023.html,Q3073,Interior of Église Sainte Croix (Nantes) 10,,https://pub-8fba570827334e7b82883893c875a08c.r2.dev/photography/places/france/nantes/1024px-Interior_of_Église_Sainte-Croix_(Nantes)_10.jpg,,,,ceiling-card,,
,Photograph,Q315/Q3062/Q3023.html,Q3073,Église de Saint Genix sur Guiers 26,,https://pub-8fba570827334e7b82883893c875a08c.r2.dev/photography/places/france/saint-genix-sur-guiers/1024px-Église_de_Saint-Genix-sur-Guiers_26.jpg,,,,ceiling-card,,
,Photograph,Q315/Q3062/Q3023.html,Q3073,Interior of Cathédrale Saint Vincent de Saint Malo 06,,https://pub-8fba570827334e7b82883893c875a08c.r2.dev/photography/places/france/saint-malo/1024px-Interior_of_Cathédrale_Saint-Vincent_de_Saint-Malo_06.jpg,,,,ceiling-card,,
,Photograph,Q315/Q3062/Q3023.html,Q3077,Interior of Chiesa del Gesù (Rome) 03,,https://pub-8fba570827334e7b82883893c875a08c.r2.dev/photography/places/italy/rome/1024px-Interior_of_Chiesa_del_Gesù_(Rome)_03.jpg,,,,ceiling-card,,
,Photograph,Q315/Q3062/Q3023.html,Q3082,Interior view of Sé do Porto 03,,https://pub-8fba570827334e7b82883893c875a08c.r2.dev/photography/places/portugal/porto/1024px-Interior_view_of_Sé_do_Porto_03.jpg,,,,ceiling-card,,
,Photograph,Q315/Q3062/Q3023.html,Q3082,Interior view of Igreja de Santo Ildefonso 07,,https://pub-8fba570827334e7b82883893c875a08c.r2.dev/photography/places/portugal/porto/1024px-Interior_view_of_Igreja_de_Santo_Ildefonso_07.jpg,,,,ceiling-card,,
,Photograph,Q315/Q3062/Q3023.html,Q3089,Dome of Saint Peter's Basilica (interior) 06,,https://pub-8fba570827334e7b82883893c875a08c.r2.dev/photography/places/vatican/vatican/1024px-Dome_of_Saint_Peter's_Basilica_(interior)_06.jpg,,,,ceiling-card,,
,Photograph,Q315/Q3062/Q3023.html,Q3089,"Dome of the Chapel of the Baptistery in Saint Peter's Basilica, Vatican",,"https://pub-8fba570827334e7b82883893c875a08c.r2.dev/photography/places/vatican/vatican/1024px-Dome_of_the_Chapel_of_the_Baptistery_in_Saint_Peter's_Basilica,_Vatican.jpg",,,,ceiling-card,,
,Photograph,Q315/Q3062/Q3023.html,Q3089,Dome of the Chapel of the Presentation in Saint Peter's Basilica 02,,https://pub-8fba570827334e7b82883893c875a08c.r2.dev/photography/places/vatican/vatican/1024px-Dome_of_the_Chapel_of_the_Presentation_in_Saint_Peter's_Basilica_02.jpg,,,,ceiling-card,,
,Photograph,Q315/Q3062/Q3023.html,Q3089,Ceilings of Saint Peter's Basilica 07,,https://pub-8fba570827334e7b82883893c875a08c.r2.dev/photography/places/vatican/vatican/1024px-Ceilings_of_Saint_Peter's_Basilica_07.jpg,,,,ceiling-card,,
,Photograph,Q315/Q3062/Q3024.html,Q3206,Wikidata Birthday Celebrations   Cake 1,,https://pub-8fba570827334e7b82883893c875a08c.r2.dev/photography/places/wikidata-birthday/cake-1/1024px-Wikidata_Birthday_Celebrations_-_Cake_1.jpg,,,,celebration-card,,
,Photograph,Q315/Q3062/Q3024.html,Q3206,Wikidata Birthday Celebrations   Cake 2,,https://pub-8fba570827334e7b82883893c875a08c.r2.dev/photography/places/wikidata-birthday/cake-2/1024px-Wikidata_Birthday_Celebrations_-_Cake_2.jpg,,,,celebration-card,,
,Photograph,Q315/Q3062/Q3025/Q3067/Q3090.html,Q3090,"Mumok, Vienna",,"https://pub-8fba570827334e7b82883893c875a08c.r2.dev/photography/places/austria/vienna/1024px-Mumok,_Vienna.jpg",Q3090.html,,,,,
,Photograph,Q315/Q3062/Q3025/Q3067/Q3090.html,Q3090,"Tiles view, Vienna Cathedral",,"https://pub-8fba570827334e7b82883893c875a08c.r2.dev/photography/places/austria/vienna/1024px-Tiles_view,_Vienna_Cathedral.jpg",Q3090.html,,,,,
,Photograph,Q315/Q3062/Q3025/Q3067/Q3090.html,Q3090,"Cathedral view, Vienna",,"https://pub-8fba570827334e7b82883893c875a08c.r2.dev/photography/places/austria/vienna/1024px-Cathedral_view,_Vienna.jpg",Q3090.html,,,,,
,Photograph,Q315/Q3062/Q3025/Q3067/Q3090.html,Q3090,Gutenberg Statue in Vienna,,https://pub-8fba570827334e7b82883893c875a08c.r2.dev/photography/places/austria/vienna/1024px-Gutenberg_Statue_in_Vienna.jpg,Q3090.html,,,,,
,Photograph,Q315/Q3062/Q3025/Q3067/Q3090.html,Q3090,"Karlskirche in afternoon, Vienna",,"https://pub-8fba570827334e7b82883893c875a08c.r2.dev/photography/places/austria/vienna/1024px-Karlskirche_in_afternoon,_Vienna.jpg",Q3090.html,,,,,
,Photograph,Q315/Q3062/Q3025/Q3067/Q3090.html,Q3090,"Ceiling, Jesuit Church, Vienna",,"https://pub-8fba570827334e7b82883893c875a08c.r2.dev/photography/places/austria/vienna/1024px-Ceiling,_Jesuit_Church,_Vienna.jpg",Q3090.html,,,,,
,Photograph,Q315/Q3062/Q3025/Q3068/Q3091.html,Q3091,Antwerp   Antwerp City Hall   20170603134600,,https://pub-8fba570827334e7b82883893c875a08c.r2.dev/photography/places/belgium/antwerp/1024px-Antwerp_-_Antwerp_City_Hall_-_20170603134600.jpg,Q3091.html,,,,,
,Photograph,Q315/Q3062/Q3025/Q3068/Q3091.html,Q3091,Street light in Antwerp 09,,https://pub-8fba570827334e7b82883893c875a08c.r2.dev/photography/places/belgium/antwerp/1024px-Street_light_in_Antwerp_09.jpg,Q3091.html,,,,,
,Photograph,Q315/Q3062/Q3025/Q3068/Q3091.html,Q3091,Street light in Antwerp 01,,https://pub-8fba570827334e7b82883893c875a08c.r2.dev/photography/places/belgium/antwerp/1024px-Street_light_in_Antwerp_01.jpg,Q3091.html,,,,,
,Photograph,Q315/Q3062/Q3025/Q3068/Q3091.html,Q3091,Street light in Antwerp 04,,https://pub-8fba570827334e7b82883893c875a08c.r2.dev/photography/places/belgium/antwerp/1024px-Street_light_in_Antwerp_04.jpg,Q3091.html,,,portrait,,
,Photograph,Q315/Q3062/Q3025/Q3068/Q3091.html,Q3091,"Door, Antwerpen",,"https://pub-8fba570827334e7b82883893c875a08c.r2.dev/photography/places/belgium/antwerp/1024px-Door,_Antwerpen.jpg",Q3091.html,,,portrait,,
,Photograph,Q315/Q3062/Q3025/Q3068/Q3091.html,Q3091,Street light in Antwerp 02,,https://pub-8fba570827334e7b82883893c875a08c.r2.dev/photography/places/belgium/antwerp/1024px-Street_light_in_Antwerp_02.jpg,Q3091.html,,,portrait,,
,Photograph,Q315/Q3062/Q3025/Q3068/Q3091.html,Q3091,Street light in Antwerp 07,,https://pub-8fba570827334e7b82883893c875a08c.r2.dev/photography/places/belgium/antwerp/1024px-Street_light_in_Antwerp_07.jpg,Q3091.html,,,,,
,Photograph,Q315/Q3062/Q3025/Q3068/Q3092.html,Q3092,"Doors and Statues, Bruges",,"https://pub-8fba570827334e7b82883893c875a08c.r2.dev/photography/places/belgium/bruges/1024px-Doors_and_Statues,_Bruges.jpg",Q3092.html,,,,,
,Photograph,Q315/Q3062/Q3025/Q3068/Q3092.html,Q3092,"Green door, Bruges",,"https://pub-8fba570827334e7b82883893c875a08c.r2.dev/photography/places/belgium/bruges/1024px-Green_door,_Bruges.jpg",Q3092.html,,,,,
,Photograph,Q315/Q3062/Q3025/Q3068/Q3092.html,Q3092,Reflection of buildings in water,,https://pub-8fba570827334e7b82883893c875a08c.r2.dev/photography/places/belgium/bruges/1024px-Reflection_of_buildings_in_water.jpg,Q3092.html,,,,,
,Photograph,Q315/Q3062/Q3025/Q3068/Q3093.html,Q3093,Porte de Halle,,https://pub-8fba570827334e7b82883893c875a08c.r2.dev/photography/places/belgium/brussels/1024px-Porte_de_Halle.jpg,Q3093.html,,,portrait,,
,Photograph,Q315/Q3062/Q3025/Q3068/Q3094.html,Q3094,Oud Postkantoor (Gent),,https://pub-8fba570827334e7b82883893c875a08c.r2.dev/photography/places/belgium/ghent/1024px-Oud_Postkantoor_(Gent).jpg,Q3094.html,,,,,
,Photograph,Q315/Q3062/Q3025/Q3068/Q3094.html,Q3094,Exterior of Sint Niklaaskerk (Gent) 02,,https://pub-8fba570827334e7b82883893c875a08c.r2.dev/photography/places/belgium/ghent/1024px-Exterior_of_Sint-Niklaaskerk_(Gent)_02.jpg,Q3094.html,,,,,
,Photograph,Q315/Q3062/Q3025/Q3068/Q3094.html,Q3094,"Royal Dutch Theatre, Ghent 01",,"https://pub-8fba570827334e7b82883893c875a08c.r2.dev/photography/places/belgium/ghent/1024px-Royal_Dutch_Theatre,_Ghent_01.jpg",Q3094.html,,,,,
,Photograph,Q315/Q3062/Q3025/Q3068/Q3094.html,Q3094,"Stadshal, Gent 01",,"https://pub-8fba570827334e7b82883893c875a08c.r2.dev/photography/places/belgium/ghent/1024px-Stadshal,_Gent_01.jpg",Q3094.html,,,,,
,Photograph,Q315/Q3062/Q3025/Q3068/Q3094.html,Q3094,"Western facade of Saint Bavo's Cathedral, Ghent 01",,"https://pub-8fba570827334e7b82883893c875a08c.r2.dev/photography/places/belgium/ghent/1024px-Western_facade_of_Saint_Bavo's_Cathedral,_Ghent_01.jpg",Q3094.html,,,,,
,Photograph,Q315/Q3062/Q3025/Q3068/Q3095.html,Q3095,Transillumination of stained glass windows of Cathédrale Saint Paul de Liège 01,,https://pub-8fba570827334e7b82883893c875a08c.r2.dev/photography/places/belgium/liège/1024px-Transillumination_of_stained_glass_windows_of_Cathédrale_Saint-Paul_de_Liège_01.jpg,Q3095.html,,,portrait,,
,Photograph,Q315/Q3062/Q3025/Q3068/Q3095.html,Q3095,Interior of Église Saint Jacques (Liège) 03,,https://pub-8fba570827334e7b82883893c875a08c.r2.dev/photography/places/belgium/liège/1024px-Interior_of_Église_Saint-Jacques_(Liège)_03.jpg,Q3095.html,,,portrait,,
,Photograph,Q315/Q3062/Q3025/Q3068/Q3095.html,Q3095,"Portal of Église Saint Jacques, Liège 03",,"https://pub-8fba570827334e7b82883893c875a08c.r2.dev/photography/places/belgium/liège/1024px-Portal_of_Église_Saint-Jacques,_Liège_03.jpg",Q3095.html,,,portrait,,
,Photograph,Q315/Q3062/Q3025/Q3068/Q3095.html,Q3095,Christmas lights in Liège,,https://pub-8fba570827334e7b82883893c875a08c.r2.dev/photography/places/belgium/liège/1024px-Christmas_lights_in_Liège.jpg,Q3095.html,,,,,
,Photograph,Q315/Q3062/Q3025/Q3068/Q3095.html,Q3095,Stained glass window of Cloisters of cathédrale Saint Paul (Liège),,https://pub-8fba570827334e7b82883893c875a08c.r2.dev/photography/places/belgium/liège/1024px-Stained_glass_window_of_Cloisters_of_cathédrale_Saint-Paul_(Liège).jpg,Q3095.html,,,,,
,Photograph,Q315/Q3062/Q3025/Q3068/Q3095.html,Q3095,Cloisters of cathédrale Saint Paul (Liège) 01,,https://pub-8fba570827334e7b82883893c875a08c.r2.dev/photography/places/belgium/liège/1024px-Cloisters_of_cathédrale_Saint-Paul_(Liège)_01.jpg,Q3095.html,,,,,
,Photograph,Q315/Q3062/Q3025/Q3068/Q3095.html,Q3095,"Église des Rédemptoristes, Liège 04",,"https://pub-8fba570827334e7b82883893c875a08c.r2.dev/photography/places/belgium/liège/1024px-Église_des_Rédemptoristes,_Liège_04.jpg",Q3095.html,,,,,
,Photograph,Q315/Q3062/Q3025/Q3068/Q3095.html,Q3095,"John the Baptiste, Liège Cathedral",,"https://pub-8fba570827334e7b82883893c875a08c.r2.dev/photography/places/belgium/liège/1024px-John_the_Baptiste,_Liège_Cathedral.jpg",Q3095.html,,,,,
,Photograph,Q315/Q3062/Q3025/Q3068/Q3095.html,Q3095,Place de l'Opéra (Liège) 05,,https://pub-8fba570827334e7b82883893c875a08c.r2.dev/photography/places/belgium/liège/1024px-Place_de_l'Opéra_(Liège)_05.jpg,Q3095.html,,,,,
,Photograph,Q315/Q3062/Q3025/Q3069/Q3096.html,Q3096,"Rocks, Adršpašsko teplické skály",,"https://pub-8fba570827334e7b82883893c875a08c.r2.dev/photography/places/czech-republic/adršpach/1024px-Rocks,_Adršpašsko-teplické_skály.jpg",Q3096.html,,,,Rock Formations,
,Photograph,Q315/Q3062/Q3025/Q3069/Q3096.html,Q3096,Rocks in Adršpach Teplice,,https://pub-8fba570827334e7b82883893c875a08c.r2.dev/photography/places/czech-republic/adršpach/1024px-Rocks_in_Adršpach-Teplice.jpg,Q3096.html,,,,Teplice Rocks,
,Photograph,Q315/Q3062/Q3025/Q3069/Q3097.html,Q3097,"Náměstí Svobody, Brno",,"https://pub-8fba570827334e7b82883893c875a08c.r2.dev/photography/places/czech-republic/brno/1024px-Náměstí_Svobody,_Brno.jpg",Q3097.html,,,,Square,
,Photograph,Q315/Q3062/Q3025/Q3069/Q3097.html,Q3097,"Pillar of the Plague (Náměstí Svobody, Brno) 02",,"https://pub-8fba570827334e7b82883893c875a08c.r2.dev/photography/places/czech-republic/brno/1024px-Pillar_of_the_Plague_(Náměstí_Svobody,_Brno)_02.jpg",Q3097.html,,,portrait,Pillar,
,Photograph,Q315/Q3062/Q3025/Q3069/Q3097.html,Q3097,Church of Saint James (Brno),,https://pub-8fba570827334e7b82883893c875a08c.r2.dev/photography/places/czech-republic/brno/1024px-Church_of_Saint_James_(Brno).jpg,Q3097.html,,,portrait,Church,
,Photograph,Q315/Q3062/Q3025/Q3069/Q3097.html,Q3097,"Interior of the Church of Saint James, Brno 04",,"https://pub-8fba570827334e7b82883893c875a08c.r2.dev/photography/places/czech-republic/brno/1024px-Interior_of_the_Church_of_Saint_James,_Brno_04.jpg",Q3097.html,,,,Church,
,Photograph,Q315/Q3062/Q3025/Q3069/Q3097.html,Q3097,"Interior of the Church of Saint James, Brno 03",,"https://pub-8fba570827334e7b82883893c875a08c.r2.dev/photography/places/czech-republic/brno/1024px-Interior_of_the_Church_of_Saint_James,_Brno_03.jpg",Q3097.html,,,,Church,
,Photograph,Q315/Q3062/Q3025/Q3069/Q3097.html,Q3097,"Interior of the Church of Saint James, Brno 02",,"https://pub-8fba570827334e7b82883893c875a08c.r2.dev/photography/places/czech-republic/brno/1024px-Interior_of_the_Church_of_Saint_James,_Brno_02.jpg",Q3097.html,,,,Church,
,Photograph,Q315/Q3062/Q3025/Q3069/Q3097.html,Q3097,"Street light, Brno 01",,"https://pub-8fba570827334e7b82883893c875a08c.r2.dev/photography/places/czech-republic/brno/1024px-Street_light,_Brno_01.jpg",Q3097.html,,,portrait,Street light,
,Photograph,Q315/Q3062/Q3025/Q3069/Q3097.html,Q3097,"Interior of the Church of the Assumption of the Virgin Mary, Brno 02",,"https://pub-8fba570827334e7b82883893c875a08c.r2.dev/photography/places/czech-republic/brno/1024px-Interior_of_the_Church_of_the_Assumption_of_the_Virgin_Mary,_Brno_02.jpg",Q3097.html,,,portrait,Basilica,
,Photograph,Q315/Q3062/Q3025/Q3069/Q3098.html,Q3098,"Tančící dům, Prague 01",,"https://pub-8fba570827334e7b82883893c875a08c.r2.dev/photography/places/czech-republic/prague/1024px-Tančící_dům,_Prague_01.jpg",Q3098.html,,,,Dancing House,
,Photograph,Q315/Q3062/Q3025/Q3069/Q3098.html,Q3098,Architecture of Prague as Viewed at Sunset 11,,https://pub-8fba570827334e7b82883893c875a08c.r2.dev/photography/places/czech-republic/prague/1024px-Architecture_of_Prague_as_Viewed_at_Sunset_11.jpg,Q3098.html,,,,Sunset Architecture,
,Photograph,Q315/Q3062/Q3025/Q3070/Q3099.html,Q3099,View from Rundetårn in Copenhagen,,https://pub-8fba570827334e7b82883893c875a08c.r2.dev/photography/places/denmark/copenhagen/1024px-View_from_Rundetårn_in_Copenhagen.jpg,Q3099.html,,,,Rundetårn View,
,Photograph,Q315/Q3062/Q3025/Q3070/Q3099.html,Q3099,"Panoramic view, Copenhagen",,"https://pub-8fba570827334e7b82883893c875a08c.r2.dev/photography/places/denmark/copenhagen/1024px-Panoramic_view,_Copenhagen.jpg",Q3099.html,,,,Panoramic View,
,Photograph,Q315/Q3062/Q3025/Q3070/Q3099.html,Q3099,"Circle Bridge, Copenhagen",,"https://pub-8fba570827334e7b82883893c875a08c.r2.dev/photography/places/denmark/copenhagen/1024px-Circle_Bridge,_Copenhagen.jpg",Q3099.html,,,,Circle Bridge,
,Photograph,Q315/Q3062/Q3025/Q3070/Q3099.html,Q3099,"Bench, Copenhagen",,"https://pub-8fba570827334e7b82883893c875a08c.r2.dev/photography/places/denmark/copenhagen/1024px-Bench,_Copenhagen.jpg",Q3099.html,,,,Waterfront Bench,
,Photograph,Q315/Q3062/Q3025/Q3070/Q3099.html,Q3099,"Church of Holmen, Copenhagen",,"https://pub-8fba570827334e7b82883893c875a08c.r2.dev/photography/places/denmark/copenhagen/1024px-Church_of_Holmen,_Copenhagen.jpg",Q3099.html,,,,Holmen Church,
,Photograph,Q315/Q3062/Q3025/Q3070/Q3099.html,Q3099,"Church of our Saviour, Copenhagen at sunset",,"https://pub-8fba570827334e7b82883893c875a08c.r2.dev/photography/places/denmark/copenhagen/1024px-Church_of_our_Saviour,_Copenhagen_at_sunset.jpg",Q3099.html,,,portrait,Saviour Church,
,Photograph,Q315/Q3062/Q3025/Q3070/Q3099.html,Q3099,"Balconies, Copenhagen",,"https://pub-8fba570827334e7b82883893c875a08c.r2.dev/photography/places/denmark/copenhagen/1024px-Balconies,_Copenhagen.jpg",Q3099.html,,,portrait,Modern Balconies,
,Photograph,Q315/Q3062/Q3025/Q3070/Q3099.html,Q3099,"Vor Frelsers Kirke, Copenhagen",,"https://pub-8fba570827334e7b82883893c875a08c.r2.dev/photography/places/denmark/copenhagen/1024px-Vor_Frelsers_Kirke,_Copenhagen.jpg",Q3099.html,,,portrait,Vor Frelsers Kirke,
,Photograph,Q315/Q3062/Q3025/Q3071/Q3100.html,Q3100,"Windows in old Town, Tallinn",,"https://pub-8fba570827334e7b82883893c875a08c.r2.dev/photography/places/estonia/tallinn/1024px-Windows_in_old_Town,_Tallinn.jpg",Q3100.html,,,,Old Town Windows,
,Photograph,Q315/Q3062/Q3025/Q3071/Q3100.html,Q3100,"Tower in Tallinn, Estonia",,"https://pub-8fba570827334e7b82883893c875a08c.r2.dev/photography/places/estonia/tallinn/1024px-Tower_in_Tallinn,_Estonia.jpg",Q3100.html,,,portrait,Medieval Tower,
,Photograph,Q315/Q3062/Q3025/Q3072/Q3101.html,Q3101,View of Cathedral In Helsinki,,https://pub-8fba570827334e7b82883893c875a08c.r2.dev/photography/places/finland/helsinki/1024px-View_of_Cathedral_In_Helsinki.jpg,Q3101.html,,,,Cathedral View,
,Photograph,Q315/Q3062/Q3025/Q3072/Q3101.html,Q3101,Seagull and Helsinki Cathedral,,https://pub-8fba570827334e7b82883893c875a08c.r2.dev/photography/places/finland/helsinki/1024px-Seagull_and_Helsinki_Cathedral.jpg,Q3101.html,,,,Seagull & Cathedral,
,Photograph,Q315/Q3062/Q3025/Q3072/Q3101.html,Q3101,Stairs leading to Uspenski Cathedral In Helsinki,,https://pub-8fba570827334e7b82883893c875a08c.r2.dev/photography/places/finland/helsinki/1024px-Stairs_leading_to_Uspenski_Cathedral_In_Helsinki.jpg,Q3101.html,,,,Uspenski Stairs,
,Photograph,Q315/Q3062/Q3025/Q3072/Q3101.html,Q3101,Uspenski Cathedral In Helsinki,,https://pub-8fba570827334e7b82883893c875a08c.r2.dev/photography/places/finland/helsinki/1024px-Uspenski_Cathedral_In_Helsinki.jpg,Q3101.html,,,,Uspenski Cathedral,
,Photograph,Q315/Q3062/Q3025/Q3072/Q3101.html,Q3101,Kamppi chapel of silence in Helsinki,,https://pub-8fba570827334e7b82883893c875a08c.r2.dev/photography/places/finland/helsinki/1024px-Kamppi_chapel_of_silence_in_Helsinki.jpg,Q3101.html,,,,Kamppi Chapel,
,Photograph,Q315/Q3062/Q3025/Q3072/Q3101.html,Q3101,View of building In Helsinki,,https://pub-8fba570827334e7b82883893c875a08c.r2.dev/photography/places/finland/helsinki/1024px-View_of_building_In_Helsinki.jpg,Q3101.html,,,,Building View,
,Photograph,Q315/Q3062/Q3025/Q3073/Q3102.html,Q3102,Annecy   Palais de l'Isle   20150817161516,,https://pub-8fba570827334e7b82883893c875a08c.r2.dev/photography/places/france/annecy/1024px-Annecy_-_Palais_de_l'Isle_-_20150817161516.jpg,Q3102.html,Q3398,,photo-card,,
,Photograph,Q315/Q3062/Q3025/Q3073/Q3102.html,Q3102,View of high altar of Annecy cathedral 03,,https://pub-8fba570827334e7b82883893c875a08c.r2.dev/photography/places/france/annecy/1024px-View_of_high_altar_of_Annecy_cathedral_03.jpg,Q3102.html,Q3332,,photo-card,,
,Photograph,Q315/Q3062/Q3025/Q3073/Q3102.html,Q3102,View of Château de Châteauvieux from Lake Annecy 01,,https://pub-8fba570827334e7b82883893c875a08c.r2.dev/photography/places/france/annecy/1024px-View_of_Château_de_Châteauvieux_from_Lake_Annecy_01.jpg,Q3102.html,Q3348,,photo-card,,
,Photograph,Q315/Q3062/Q3025/Q3073/Q3102.html,Q3102,Annecy Saint François de Sales (high altar) 08,,https://pub-8fba570827334e7b82883893c875a08c.r2.dev/photography/places/france/annecy/1024px-Annecy_Saint-François-de-Sales_(high_altar)_08.jpg,Q3102.html,Q3332,,photo-card,,
,Photograph,Q315/Q3062/Q3025/Q3073/Q3102.html,Q3102,View of main organ of Annecy cathedral 01,,https://pub-8fba570827334e7b82883893c875a08c.r2.dev/photography/places/france/annecy/1024px-View_of_main_organ_of_Annecy_cathedral_01.jpg,Q3102.html,Q3399,,photo-card,,
,Photograph,Q315/Q3062/Q3025/Q3073/Q3102.html,Q3102,View of Château de Châteauvieux from Lake Annecy 10,,https://pub-8fba570827334e7b82883893c875a08c.r2.dev/photography/places/france/annecy/1024px-View_of_Château_de_Châteauvieux_from_Lake_Annecy_10.jpg,Q3102.html,Q3035,,photo-card,,
,Photograph,Q315/Q3062/Q3025/Q3073/Q3102.html,Q3102,View of Château de Châteauvieux from Lake Annecy 03,,https://pub-8fba570827334e7b82883893c875a08c.r2.dev/photography/places/france/annecy/1024px-View_of_Château_de_Châteauvieux_from_Lake_Annecy_03.jpg,Q3102.html,Q3348,,photo-card,,
,Photograph,Q315/Q3062/Q3025/Q3073/Q3103.html,Q3103,Arch of Saint Trophime Cathedral,,https://pub-8fba570827334e7b82883893c875a08c.r2.dev/photography/places/france/arles/1024px-Arch_of_Saint-Trophime_Cathedral.jpg,Q3103.html,Q3103,,photo-card,,
,Photograph,Q315/Q3062/Q3025/Q3073/Q3104.html,Q3104,Église Saint Louis de Bordeaux 01,,https://pub-8fba570827334e7b82883893c875a08c.r2.dev/photography/places/france/bordeaux/1024px-Église_Saint-Louis_de_Bordeaux_01.jpg,Q3104.html,Q3327,,photo-card,,
,Photograph,Q315/Q3062/Q3025/Q3073/Q3104.html,Q3104,Porte Cailhau 03,,https://pub-8fba570827334e7b82883893c875a08c.r2.dev/photography/places/france/bordeaux/1024px-Porte_Cailhau_03.jpg,Q3104.html,Q3328,,photo-card portrait,,
,Photograph,Q315/Q3062/Q3025/Q3073/Q3104.html,Q3104,Interior of Église Saint Louis de Bordeaux 05,,https://pub-8fba570827334e7b82883893c875a08c.r2.dev/photography/places/france/bordeaux/1024px-Interior_of_Église_Saint-Louis_de_Bordeaux_05.jpg,Q3104.html,Q3023,,photo-card,,
,Photograph,Q315/Q3062/Q3025/Q3073/Q3104.html,Q3104,Interior of Église Saint Louis de Bordeaux 09,,https://pub-8fba570827334e7b82883893c875a08c.r2.dev/photography/places/france/bordeaux/1024px-Interior_of_Église_Saint-Louis_de_Bordeaux_09.jpg,Q3104.html,Q3332,,photo-card,,
,Photograph,Q315/Q3062/Q3025/Q3073/Q3104.html,Q3104,Interior of Église Saint Louis de Bordeaux 12,,https://pub-8fba570827334e7b82883893c875a08c.r2.dev/photography/places/france/bordeaux/1024px-Interior_of_Église_Saint-Louis_de_Bordeaux_12.jpg,Q3104.html,Q3023,,photo-card portrait,,
,Photograph,Q315/Q3062/Q3025/Q3073/Q3104.html,Q3104,Bourse Maritime (Bordeaux) 02,,https://pub-8fba570827334e7b82883893c875a08c.r2.dev/photography/places/france/bordeaux/1024px-Bourse_Maritime_(Bordeaux)_02.jpg,Q3104.html,Q3331,,photo-card,,
,Photograph,Q315/Q3062/Q3025/Q3073/Q3105.html,Q3105,Exterior of Basilique Saint Nazaire de Carcassonne 04,,https://pub-8fba570827334e7b82883893c875a08c.r2.dev/photography/places/france/carcassonne/1024px-Exterior_of_Basilique_Saint-Nazaire_de_Carcassonne_04.jpg,Q3105.html,Q3330,,photo-card,,
,Photograph,Q315/Q3062/Q3025/Q3073/Q3105.html,Q3105,Street view in Carcassonne 15,,https://pub-8fba570827334e7b82883893c875a08c.r2.dev/photography/places/france/carcassonne/1024px-Street_view_in_Carcassonne_15.jpg,Q3105.html,Q3331,,photo-card,,
,Photograph,Q315/Q3062/Q3025/Q3073/Q3105.html,Q3105,Exterior of Basilique Saint Nazaire de Carcassonne 01,,https://pub-8fba570827334e7b82883893c875a08c.r2.dev/photography/places/france/carcassonne/1024px-Exterior_of_Basilique_Saint-Nazaire_de_Carcassonne_01.jpg,Q3105.html,Q3330,,photo-card,,
,Photograph,Q315/Q3062/Q3025/Q3073/Q3105.html,Q3105,"Pont Vieux (Carcassonne, Aude) 06",,"https://pub-8fba570827334e7b82883893c875a08c.r2.dev/photography/places/france/carcassonne/1024px-Pont-Vieux_(Carcassonne,_Aude)_06.jpg",Q3105.html,Q3349,,photo-card,,
,Photograph,Q315/Q3062/Q3025/Q3073/Q3105.html,Q3105,Street view in Carcassonne 12,,https://pub-8fba570827334e7b82883893c875a08c.r2.dev/photography/places/france/carcassonne/1024px-Street_view_in_Carcassonne_12.jpg,Q3105.html,Q3331,,photo-card,,
,Photograph,Q315/Q3062/Q3025/Q3073/Q3105.html,Q3105,Stained glass windows of the Basilique Saint Nazaire de Carcassonne 08,,https://pub-8fba570827334e7b82883893c875a08c.r2.dev/photography/places/france/carcassonne/1024px-Stained_glass_windows_of_the_Basilique_Saint-Nazaire_de_Carcassonne_08.jpg,Q3105.html,Q3332,,photo-card portrait,,
,Photograph,Q315/Q3062/Q3025/Q3073/Q3106.html,Q3106,Hôpital général de Clermont Ferrand 02,,https://pub-8fba570827334e7b82883893c875a08c.r2.dev/photography/places/france/clermont-ferrand/1024px-Hôpital_général_de_Clermont-Ferrand_02.jpg,Q3106.html,Q3333,,photo-card portrait,,
,Photograph,Q315/Q3062/Q3025/Q3073/Q3106.html,Q3106,"Notre Dame de Grâce, Clermont Ferrand 05",,"https://pub-8fba570827334e7b82883893c875a08c.r2.dev/photography/places/france/clermont-ferrand/1024px-Notre-Dame_de_Grâce,_Clermont-Ferrand_05.jpg",Q3106.html,Q3334,,photo-card portrait,,
,Photograph,Q315/Q3062/Q3025/Q3073/Q3106.html,Q3106,Snow in Montjuzet park 29,,https://pub-8fba570827334e7b82883893c875a08c.r2.dev/photography/places/france/clermont-ferrand/1024px-Snow_in_Montjuzet_park_29.jpg,Q3106.html,Q3335,,photo-card portrait,,
,Photograph,Q315/Q3062/Q3025/Q3073/Q3106.html,Q3106,"Water reflection of trees, Jardin Lecoq 13",,"https://pub-8fba570827334e7b82883893c875a08c.r2.dev/photography/places/france/clermont-ferrand/1024px-Water_reflection_of_trees,_Jardin_Lecoq_13.jpg",Q3106.html,Q3309,,photo-card portrait,,
,Photograph,Q315/Q3062/Q3025/Q3073/Q3106.html,Q3106,Lintel of Eglise Saint Pierre de Clermont 01,,https://pub-8fba570827334e7b82883893c875a08c.r2.dev/photography/places/france/clermont-ferrand/1024px-Lintel_of_Eglise_Saint-Pierre_de_Clermont_01.jpg,Q3106.html,Q3405,,photo-card,,
,Photograph,Q315/Q3062/Q3025/Q3073/Q3106.html,Q3106,Snow in Montjuzet park 24,,https://pub-8fba570827334e7b82883893c875a08c.r2.dev/photography/places/france/clermont-ferrand/1024px-Snow_in_Montjuzet_park_24.jpg,Q3106.html,Q3340,,photo-card,,
,Photograph,Q315/Q3062/Q3025/Q3073/Q3106.html,Q3106,"South portal of Notre Dame du Port, Clermont Ferrand 05",,"https://pub-8fba570827334e7b82883893c875a08c.r2.dev/photography/places/france/clermont-ferrand/1024px-South_portal_of_Notre-Dame_du_Port,_Clermont-Ferrand_05.jpg",Q3106.html,Q3327,,photo-card,,
,Photograph,Q315/Q3062/Q3025/Q3073/Q3106.html,Q3106,Panoramic View of Clermont Ferrand from Montjuzet Park,,https://pub-8fba570827334e7b82883893c875a08c.r2.dev/photography/places/france/clermont-ferrand/1024px-Panoramic_View_of_Clermont-Ferrand_from_Montjuzet_Park.jpg,Q3106.html,Q3340,,photo-card,,
,Photograph,Q315/Q3062/Q3025/Q3073/Q3106.html,Q3106,Hôpital général de Clermont Ferrand 03,,https://pub-8fba570827334e7b82883893c875a08c.r2.dev/photography/places/france/clermont-ferrand/1024px-Hôpital_général_de_Clermont-Ferrand_03.jpg,Q3106.html,Q3333,,photo-card,,
,Photograph,Q315/Q3062/Q3025/Q3073/Q3107.html,Q3107,"Altar, Collégiale Saint André (Grenoble) 01",,"https://pub-8fba570827334e7b82883893c875a08c.r2.dev/photography/places/france/grenoble/1024px-Altar,_Collégiale_Saint-André_(Grenoble)_01.jpg",Q3107.html,Q3332,,photo-card,,
,Photograph,Q315/Q3062/Q3025/Q3073/Q3107.html,Q3107,Interior of Cathédrale Notre Dame de Grenoble 02,,https://pub-8fba570827334e7b82883893c875a08c.r2.dev/photography/places/france/grenoble/1024px-Interior_of_Cathédrale_Notre-Dame_de_Grenoble_02.jpg,Q3107.html,Q3334,,photo-card,,
,Photograph,Q315/Q3062/Q3025/Q3073/Q3107.html,Q3107,Interior of Cathédrale Notre Dame de Grenoble 11,,https://pub-8fba570827334e7b82883893c875a08c.r2.dev/photography/places/france/grenoble/1024px-Interior_of_Cathédrale_Notre-Dame_de_Grenoble_11.jpg,Q3107.html,Q3334,,photo-card,,
,Photograph,Q315/Q3062/Q3025/Q3073/Q3108.html,Q3108,Issoire   Kostel svatého Austremona   20130621142057,,https://pub-8fba570827334e7b82883893c875a08c.r2.dev/photography/places/france/issoire/1024px-Issoire_-_Kostel_svatého_Austremona_-_20130621142057.jpg,Q3108.html,Q3108,,photo-card,,
,Photograph,Q315/Q3062/Q3025/Q3073/Q3108.html,Q3108,Issoire   Kostel svatého Austremona   20130621144506,,https://pub-8fba570827334e7b82883893c875a08c.r2.dev/photography/places/france/issoire/1024px-Issoire_-_Kostel_svatého_Austremona_-_20130621144506.jpg,Q3108.html,Q3108,,photo-card,,
,Photograph,Q315/Q3062/Q3025/Q3073/Q3108.html,Q3108,Issoire   Kostel svatého Austremona   20130621142521,,https://pub-8fba570827334e7b82883893c875a08c.r2.dev/photography/places/france/issoire/1024px-Issoire_-_Kostel_svatého_Austremona_-_20130621142521.jpg,Q3108.html,Q3108,,photo-card portrait,,
,Photograph,Q315/Q3062/Q3025/Q3073/Q3109.html,Q3109,"Trees, Auvergne",,"https://pub-8fba570827334e7b82883893c875a08c.r2.dev/photography/places/france/lempdes/1024px-Trees,_Auvergne.jpg",Q3109.html,Q3336,,photo-card portrait,,
,Photograph,Q315/Q3062/Q3025/Q3073/Q3109.html,Q3109,"Yellow leaves on Tree, Lempdes, Auvergne",,"https://pub-8fba570827334e7b82883893c875a08c.r2.dev/photography/places/france/lempdes/1024px-Yellow_leaves_on_Tree,_Lempdes,_Auvergne.jpg",Q3109.html,Q3336,,photo-card portrait,,
,Photograph,Q315/Q3062/Q3025/Q3073/Q3109.html,Q3109,"Tree, Auvergne",,"https://pub-8fba570827334e7b82883893c875a08c.r2.dev/photography/places/france/lempdes/1024px-Tree,_Auvergne.jpg",Q3109.html,Q3336,,photo-card portrait,,
,Photograph,Q315/Q3062/Q3025/Q3073/Q3110.html,Q3110,Église de Sainte Cécile de Loupian 12,,https://pub-8fba570827334e7b82883893c875a08c.r2.dev/photography/places/france/loupian/1024px-Église_de_Sainte_Cécile_de_Loupian_12.jpg,Q3110.html,Q3110,,photo-card,,
,Photograph,Q315/Q3062/Q3025/Q3073/Q3111.html,Q3111,Sanctuary of Our Lady of Lourdes 01,,https://pub-8fba570827334e7b82883893c875a08c.r2.dev/photography/places/france/lourdes/1024px-Sanctuary_of_Our_Lady_of_Lourdes_01.jpg,Q3111.html,Q3339,,photo-card,,
,Photograph,Q315/Q3062/Q3025/Q3073/Q3111.html,Q3111,Sanctuary of Our Lady of Lourdes 02,,https://pub-8fba570827334e7b82883893c875a08c.r2.dev/photography/places/france/lourdes/1024px-Sanctuary_of_Our_Lady_of_Lourdes_02.jpg,Q3111.html,Q3339,,photo-card portrait,,
,Photograph,Q315/Q3062/Q3025/Q3073/Q3112.html,Q3112,Panoramic view of Lyon 02,,https://pub-8fba570827334e7b82883893c875a08c.r2.dev/photography/places/france/lyon/1024px-Panoramic_view_of_Lyon_02.jpg,Q3112.html,Q3340,,photo-card,,
,Photograph,Q315/Q3062/Q3025/Q3073/Q3112.html,Q3112,Panoramic view of Lyon and trees,,https://pub-8fba570827334e7b82883893c875a08c.r2.dev/photography/places/france/lyon/1024px-Panoramic_view_of_Lyon_and_trees.jpg,Q3112.html,Q3340,,photo-card,,
,Photograph,Q315/Q3062/Q3025/Q3073/Q3112.html,Q3112,"Golden hour, Lyon 09",,"https://pub-8fba570827334e7b82883893c875a08c.r2.dev/photography/places/france/lyon/1024px-Golden_hour,_Lyon_09.jpg",Q3112.html,Q3341,,photo-card,,
,Photograph,Q315/Q3062/Q3025/Q3073/Q3112.html,Q3112,Golden Hour in Lyon 01,,https://pub-8fba570827334e7b82883893c875a08c.r2.dev/photography/places/france/lyon/1024px-Golden_Hour_in_Lyon_01.jpg,Q3112.html,Q3341,,photo-card,,
,Photograph,Q315/Q3062/Q3025/Q3073/Q3112.html,Q3112,Golden Hour in Lyon 03,,https://pub-8fba570827334e7b82883893c875a08c.r2.dev/photography/places/france/lyon/1024px-Golden_Hour_in_Lyon_03.jpg,Q3112.html,Q3341,,photo-card,,
,Photograph,Q315/Q3062/Q3025/Q3073/Q3112.html,Q3112,Interior of Basilique Saint Martin d'Ainay (Lyon) 11,,https://pub-8fba570827334e7b82883893c875a08c.r2.dev/photography/places/france/lyon/1024px-Interior_of_Basilique_Saint-Martin_d'Ainay_(Lyon)_11.jpg,Q3112.html,Q3330,,photo-card,,
,Photograph,Q315/Q3062/Q3025/Q3073/Q3112.html,Q3112,Interior of Basilique Saint Martin d'Ainay (Lyon) 07,,https://pub-8fba570827334e7b82883893c875a08c.r2.dev/photography/places/france/lyon/1024px-Interior_of_Basilique_Saint-Martin_d'Ainay_(Lyon)_07.jpg,Q3112.html,Q3330,,photo-card,,
,Photograph,Q315/Q3062/Q3025/Q3073/Q3112.html,Q3112,Interior of Basilique Saint Martin d'Ainay (Lyon) 12,,https://pub-8fba570827334e7b82883893c875a08c.r2.dev/photography/places/france/lyon/1024px-Interior_of_Basilique_Saint-Martin_d'Ainay_(Lyon)_12.jpg,Q3112.html,Q3330,,photo-card,,
,Photograph,Q315/Q3062/Q3025/Q3073/Q3112.html,Q3112,"Double Rainbow, Lyon 04",,"https://pub-8fba570827334e7b82883893c875a08c.r2.dev/photography/places/france/lyon/1024px-Double_Rainbow,_Lyon_04.jpg",Q3112.html,Q3413,,photo-card,,
,Photograph,Q315/Q3062/Q3025/Q3073/Q3112.html,Q3112,"Fractals of nature, Lyon",,"https://pub-8fba570827334e7b82883893c875a08c.r2.dev/photography/places/france/lyon/1024px-Fractals_of_nature,_Lyon.jpg",Q3112.html,Q3037,,photo-card,,
,Photograph,Q315/Q3062/Q3025/Q3073/Q3112.html,Q3112,"Water reflections of trees, Parc de la Tête d'Or 01",,"https://pub-8fba570827334e7b82883893c875a08c.r2.dev/photography/places/france/lyon/1024px-Water_reflections_of_trees,_Parc_de_la_Tête_d'Or_01.jpg",Q3112.html,Q3309,,photo-card,,
,Photograph,Q315/Q3062/Q3025/Q3073/Q3112.html,Q3112,Flowers in Lyon 11,,https://pub-8fba570827334e7b82883893c875a08c.r2.dev/photography/places/france/lyon/1024px-Flowers_in_Lyon_11.jpg,Q3112.html,Q3293,,photo-card,,
,Photograph,Q315/Q3062/Q3025/Q3073/Q3112.html,Q3112,"Golden hour, Lyon 19",,"https://pub-8fba570827334e7b82883893c875a08c.r2.dev/photography/places/france/lyon/1024px-Golden_hour,_Lyon_19.jpg",Q3112.html,Q3414,,photo-card,,
,Photograph,Q315/Q3062/Q3025/Q3073/Q3112.html,Q3112,Église Saint Pothin (Lyon) 05,,https://pub-8fba570827334e7b82883893c875a08c.r2.dev/photography/places/france/lyon/1024px-Église_Saint-Pothin_(Lyon)_05.jpg,Q3112.html,Q3327,,photo-card,,
,Photograph,Q315/Q3062/Q3025/Q3073/Q3112.html,Q3112,Église du Bon Pasteur (Lyon) 03,,https://pub-8fba570827334e7b82883893c875a08c.r2.dev/photography/places/france/lyon/1024px-Église_du_Bon-Pasteur_(Lyon)_03.jpg,Q3112.html,Q3327,,photo-card,,
,Photograph,Q315/Q3062/Q3025/Q3073/Q3112.html,Q3112,Sainte Croix church of Lyon 01,,https://pub-8fba570827334e7b82883893c875a08c.r2.dev/photography/places/france/lyon/1024px-Sainte-Croix_church_of_Lyon_01.jpg,Q3112.html,Q3327,,photo-card portrait,,
,Photograph,Q315/Q3062/Q3025/Q3073/Q3113.html,Q3113,"Sunset, Le Grand Crohot 03",,"https://pub-8fba570827334e7b82883893c875a08c.r2.dev/photography/places/france/lège-cap-ferret/1024px-Sunset,_Le_Grand_Crohot_03.jpg",Q3113.html,Q3263,,photo-card,,
,Photograph,Q315/Q3062/Q3025/Q3073/Q3113.html,Q3113,"Sunset, Le Grand Crohot 04",,"https://pub-8fba570827334e7b82883893c875a08c.r2.dev/photography/places/france/lège-cap-ferret/1024px-Sunset,_Le_Grand_Crohot_04.jpg",Q3113.html,Q3263,,photo-card,,
,Photograph,Q315/Q3062/Q3025/Q3073/Q3113.html,Q3113,"Sunset, Le Grand Crohot 01",,"https://pub-8fba570827334e7b82883893c875a08c.r2.dev/photography/places/france/lège-cap-ferret/1024px-Sunset,_Le_Grand_Crohot_01.jpg",Q3113.html,Q3263,,photo-card,,
,Photograph,Q315/Q3062/Q3025/Q3073/Q3113.html,Q3113,"Sunset, Le Grand Crohot 02",,"https://pub-8fba570827334e7b82883893c875a08c.r2.dev/photography/places/france/lège-cap-ferret/1024px-Sunset,_Le_Grand_Crohot_02.jpg",Q3113.html,Q3263,,photo-card,,
,Photograph,Q315/Q3062/Q3025/Q3073/Q3113.html,Q3113,"Sunset, Le Grand Crohot 06",,"https://pub-8fba570827334e7b82883893c875a08c.r2.dev/photography/places/france/lège-cap-ferret/1024px-Sunset,_Le_Grand_Crohot_06.jpg",Q3113.html,Q3020,,photo-card,,
,Photograph,Q315/Q3062/Q3025/Q3073/Q3114.html,Q3114,"Arch, Cathédrale Sainte Marie Majeure",,"https://pub-8fba570827334e7b82883893c875a08c.r2.dev/photography/places/france/marseille/1024px-Arch,_Cathédrale_Sainte-Marie-Majeure.jpg",Q3114.html,Q3114,,photo-card,,
,Photograph,Q315/Q3062/Q3025/Q3073/Q3115.html,Q3115,Église Sainte Madeleine de l'Île de Martigues 01,,https://pub-8fba570827334e7b82883893c875a08c.r2.dev/photography/places/france/martigues/1024px-Église_Sainte-Madeleine-de-l'Île_de_Martigues_01.jpg,Q3115.html,Q3327,,photo-card,,
,Photograph,Q315/Q3062/Q3025/Q3073/Q3115.html,Q3115,Interior view of Église Sainte Madeleine de l'Île de Martigues 01,,https://pub-8fba570827334e7b82883893c875a08c.r2.dev/photography/places/france/martigues/1024px-Interior_view_of_Église_Sainte-Madeleine-de-l'Île_de_Martigues_01.jpg,Q3115.html,Q3342,,photo-card portrait,,
,Photograph,Q315/Q3062/Q3025/Q3073/Q3115.html,Q3115,Interior view of Église Sainte Madeleine de l'Île de Martigues 04,,https://pub-8fba570827334e7b82883893c875a08c.r2.dev/photography/places/france/martigues/1024px-Interior_view_of_Église_Sainte-Madeleine-de-l'Île_de_Martigues_04.jpg,Q3115.html,Q3332,,photo-card,,
,Photograph,Q315/Q3062/Q3025/Q3073/Q3116.html,Q3116,Église Saint Pierre aux Liens (Moissat Bas) 02,,https://pub-8fba570827334e7b82883893c875a08c.r2.dev/photography/places/france/moissat/1024px-Église_Saint-Pierre-aux-Liens_(Moissat-Bas)_02.jpg,Q3104.html,Q3327,,photo-card,,
,Photograph,Q315/Q3062/Q3025/Q3073/Q3116.html,Q3116,Église Saint Pierre aux Liens (Moissat Bas) 08,,https://pub-8fba570827334e7b82883893c875a08c.r2.dev/photography/places/france/moissat/1024px-Église_Saint-Pierre-aux-Liens_(Moissat-Bas)_08.jpg,Q3104.html,Q3327,,photo-card,,
,Photograph,Q315/Q3062/Q3025/Q3073/Q3116.html,Q3116,Église Saint Pierre aux Liens (Moissat Bas) 07,,https://pub-8fba570827334e7b82883893c875a08c.r2.dev/photography/places/france/moissat/1024px-Église_Saint-Pierre-aux-Liens_(Moissat-Bas)_07.jpg,Q3104.html,Q3327,,photo-card,,
,Photograph,Q315/Q3062/Q3025/Q3073/Q3116.html,Q3116,Église Saint Pierre aux Liens (Moissat Bas) 03,,https://pub-8fba570827334e7b82883893c875a08c.r2.dev/photography/places/france/moissat/1024px-Église_Saint-Pierre-aux-Liens_(Moissat-Bas)_03.jpg,Q3104.html,Q3327,,photo-card,,
,Photograph,Q315/Q3062/Q3025/Q3073/Q3117.html,Q3117,Église Notre Dame de la Nativité de Mons at Sunset 03,,https://pub-8fba570827334e7b82883893c875a08c.r2.dev/photography/places/france/mons/1024px-Église_Notre-Dame-de-la-Nativité_de_Mons_at_Sunset_03.jpg,Q3117.html,Q3327,,photo-card,,
,Photograph,Q315/Q3062/Q3025/Q3073/Q3117.html,Q3117,Tree in Autumn in Mons at Sunset 01,,https://pub-8fba570827334e7b82883893c875a08c.r2.dev/photography/places/france/mons/1024px-Tree_in_Autumn_in_Mons_at_Sunset_01.jpg,Q3117.html,Q3336,,photo-card,,
,Photograph,Q315/Q3062/Q3025/Q3073/Q3117.html,Q3117,Autumn leaves in Mons 01,,https://pub-8fba570827334e7b82883893c875a08c.r2.dev/photography/places/france/mons/1024px-Autumn_leaves_in_Mons_01.jpg,Q3117.html,Q3343,,photo-card,,
,Photograph,Q315/Q3062/Q3025/Q3073/Q3117.html,Q3117,Autumn leaves in Mons 02,,https://pub-8fba570827334e7b82883893c875a08c.r2.dev/photography/places/france/mons/1024px-Autumn_leaves_in_Mons_02.jpg,Q3117.html,Q3420,,photo-card,,
,Photograph,Q315/Q3062/Q3025/Q3073/Q3117.html,Q3117,Sunset viewed at Mons 01,,https://pub-8fba570827334e7b82883893c875a08c.r2.dev/photography/places/france/mons/1024px-Sunset_viewed_at_Mons_01.jpg,Q3117.html,Q3263,,photo-card,,
,Photograph,Q315/Q3062/Q3025/Q3073/Q3117.html,Q3117,Sunset viewed at Mons 08,,https://pub-8fba570827334e7b82883893c875a08c.r2.dev/photography/places/france/mons/1024px-Sunset_viewed_at_Mons_08.jpg,Q3117.html,Q3263,,photo-card,,
,Photograph,Q315/Q3062/Q3025/Q3073/Q3118.html,Q3118,Remote view of Mont Saint Michel Abbey in the morning 05,,https://pub-8fba570827334e7b82883893c875a08c.r2.dev/photography/places/france/mont-saint-michel/1024px-Remote_view_of_Mont_Saint-Michel_Abbey_in_the_morning_05.jpg,Q3118.html,Q3344,,photo-card,,
,Photograph,Q315/Q3062/Q3025/Q3073/Q3118.html,Q3118,Mont Saint Michel at sunset time 05,,https://pub-8fba570827334e7b82883893c875a08c.r2.dev/photography/places/france/mont-saint-michel/1024px-Mont_Saint-Michel_at_sunset_time_05.jpg,Q3118.html,Q3263,,photo-card,,
,Photograph,Q315/Q3062/Q3025/Q3073/Q3118.html,Q3118,Bent tree near Mont Saint Michel 02,,https://pub-8fba570827334e7b82883893c875a08c.r2.dev/photography/places/france/mont-saint-michel/1024px-Bent_tree_near_Mont_Saint-Michel_02.jpg,Q3118.html,Q3345,,photo-card portrait,,
,Photograph,Q315/Q3062/Q3025/Q3073/Q3118.html,Q3118,"Twilight, Mont Saint Michel 03",,"https://pub-8fba570827334e7b82883893c875a08c.r2.dev/photography/places/france/mont-saint-michel/1024px-Twilight,_Mont_Saint-Michel_03.jpg",Q3118.html,Q3422,,photo-card,,
,Photograph,Q315/Q3062/Q3025/Q3073/Q3118.html,Q3118,Cistern of the Chaplaincy of the Mont Saint Michel Abbey 03,,https://pub-8fba570827334e7b82883893c875a08c.r2.dev/photography/places/france/mont-saint-michel/1024px-Cistern_of_the_Chaplaincy_of_the_Mont_Saint-Michel_Abbey_03.jpg,Q3118.html,Q3423,,photo-card,,
,Photograph,Q315/Q3062/Q3025/Q3073/Q3118.html,Q3118,Trees in Mont Saint Michel in Winter (December) 05,,https://pub-8fba570827334e7b82883893c875a08c.r2.dev/photography/places/france/mont-saint-michel/1024px-Trees_in_Mont_Saint-Michel_in_Winter_(December)_05.jpg,Q3118.html,Q3297,,photo-card portrait,,
,Photograph,Q315/Q3062/Q3025/Q3073/Q3118.html,Q3118,Street light of Abbey of Mont Saint Michel,,https://pub-8fba570827334e7b82883893c875a08c.r2.dev/photography/places/france/mont-saint-michel/1024px-Street_light_of_Abbey_of_Mont_Saint-Michel.jpg,Q3118.html,Q3349,,photo-card portrait,,
,Photograph,Q315/Q3062/Q3025/Q3073/Q3118.html,Q3118,Interior of Abbatiale de Mont Saint Michel 20 (cropped),,https://pub-8fba570827334e7b82883893c875a08c.r2.dev/photography/places/france/mont-saint-michel/1024px-Interior_of_Abbatiale_de_Mont_Saint-Michel_20_(cropped).jpg,Q3118.html,Q3509,,photo-card,,
,Photograph,Q315/Q3062/Q3025/Q3073/Q3118.html,Q3118,Trees in Mont Saint Michel in Winter (December) 06,,https://pub-8fba570827334e7b82883893c875a08c.r2.dev/photography/places/france/mont-saint-michel/1024px-Trees_in_Mont_Saint-Michel_in_Winter_(December)_06.jpg,Q3118.html,Q3297,,photo-card,,
,Photograph,Q315/Q3062/Q3025/Q3073/Q3118.html,Q3118,Eglise Saint Pierre du Mont Saint Michel 01,,https://pub-8fba570827334e7b82883893c875a08c.r2.dev/photography/places/france/mont-saint-michel/1024px-Eglise_Saint-Pierre_du_Mont_Saint-Michel_01.jpg,Q3118.html,Q3327,,photo-card,,
,Photograph,Q315/Q3062/Q3025/Q3073/Q3119.html,Q3119,Église Sainte Anne de Montpellier 02,,https://pub-8fba570827334e7b82883893c875a08c.r2.dev/photography/places/france/montpellier/1024px-Église_Sainte-Anne_de_Montpellier_02.jpg,Q3119.html,Q3327,,photo-card,,
,Photograph,Q315/Q3062/Q3025/Q3073/Q3119.html,Q3119,Exterior of Cathédrale Saint Pierre de Montpellier 04,,https://pub-8fba570827334e7b82883893c875a08c.r2.dev/photography/places/france/montpellier/1024px-Exterior_of_Cathédrale_Saint-Pierre_de_Montpellier_04.jpg,Q3119.html,Q3334,,photo-card,,
,Photograph,Q315/Q3062/Q3025/Q3073/Q3119.html,Q3119,Château d'eau du Peyrou (Montpellier),,https://pub-8fba570827334e7b82883893c875a08c.r2.dev/photography/places/france/montpellier/1024px-Château_d'eau_du_Peyrou_(Montpellier).jpg,Q3119.html,Q3346,,photo-card portrait,,
,Photograph,Q315/Q3062/Q3025/Q3073/Q3119.html,Q3119,Exterior of Cathédrale Saint Pierre de Montpellier 15,,https://pub-8fba570827334e7b82883893c875a08c.r2.dev/photography/places/france/montpellier/1024px-Exterior_of_Cathédrale_Saint-Pierre_de_Montpellier_15.jpg,Q3119.html,Q3334,,photo-card portrait,,
,Photograph,Q315/Q3062/Q3025/Q3073/Q3119.html,Q3119,"Victoire de Samothrace, Montpellier 07",,"https://pub-8fba570827334e7b82883893c875a08c.r2.dev/photography/places/france/montpellier/1024px-Victoire_de_Samothrace,_Montpellier_07.jpg",Q3119.html,Q3347,,photo-card portrait,,
,Photograph,Q315/Q3062/Q3025/Q3073/Q3120.html,Q3120,Château des ducs de Bretagne (Nantes) 11,,https://pub-8fba570827334e7b82883893c875a08c.r2.dev/photography/places/france/nantes/1024px-Château_des_ducs_de_Bretagne_(Nantes)_11.jpg,Q3120.html,Q3348,,photo-card,,
,Photograph,Q315/Q3062/Q3025/Q3073/Q3120.html,Q3120,Street lights in Nantes 01,,https://pub-8fba570827334e7b82883893c875a08c.r2.dev/photography/places/france/nantes/1024px-Street_lights_in_Nantes_01.jpg,Q3120.html,Q3349,,photo-card,,
,Photograph,Q315/Q3062/Q3025/Q3073/Q3120.html,Q3120,Panoramics of Nantes 07,,https://pub-8fba570827334e7b82883893c875a08c.r2.dev/photography/places/france/nantes/1024px-Panoramics_of_Nantes_07.jpg,Q3120.html,Q3297,,photo-card,,
,Photograph,Q315/Q3062/Q3025/Q3073/Q3120.html,Q3120,Nantes St Nicolas basilica (Virgin altar) 03,,https://pub-8fba570827334e7b82883893c875a08c.r2.dev/photography/places/france/nantes/1024px-Nantes_St_Nicolas_basilica_(Virgin_altar)_03.jpg,Q3120.html,Q3332,,photo-card,,
,Photograph,Q315/Q3062/Q3025/Q3073/Q3120.html,Q3120,Jardin des plantes de Nantes in Winter (December) 14,,https://pub-8fba570827334e7b82883893c875a08c.r2.dev/photography/places/france/nantes/1024px-Jardin_des_plantes_de_Nantes_in_Winter_(December)_14.jpg,Q3120.html,Q3427,,photo-card,,
,Photograph,Q315/Q3062/Q3025/Q3073/Q3120.html,Q3120,Interior of Basilique Saint Nicolas (Nantes) 03,,https://pub-8fba570827334e7b82883893c875a08c.r2.dev/photography/places/france/nantes/1024px-Interior_of_Basilique_Saint-Nicolas_(Nantes)_03.jpg,Q3120.html,Q3399,,photo-card,,
,Photograph,Q315/Q3062/Q3025/Q3073/Q3120.html,Q3120,Christmas lights in Nantes 01,,https://pub-8fba570827334e7b82883893c875a08c.r2.dev/photography/places/france/nantes/1024px-Christmas_lights_in_Nantes_01.jpg,Q3120.html,Q3429,,photo-card,,
,Photograph,Q315/Q3062/Q3025/Q3073/Q3120.html,Q3120,Jardin des plantes de Nantes in Winter (December) 01,,https://pub-8fba570827334e7b82883893c875a08c.r2.dev/photography/places/france/nantes/1024px-Jardin_des_plantes_de_Nantes_in_Winter_(December)_01.jpg,Q3120.html,Q3427,,photo-card,,
,Photograph,Q315/Q3062/Q3025/Q3073/Q3120.html,Q3120,Exterior of Théâtre Graslin 04,,https://pub-8fba570827334e7b82883893c875a08c.r2.dev/photography/places/france/nantes/1024px-Exterior_of_Théâtre_Graslin_04.jpg,Q3120.html,Q3430,,photo-card,,
,Photograph,Q315/Q3062/Q3025/Q3073/Q3120.html,Q3120,Passage Pommeraye in Winter (December) 04,,https://pub-8fba570827334e7b82883893c875a08c.r2.dev/photography/places/france/nantes/1024px-Passage_Pommeraye_in_Winter_(December)_04.jpg,Q3120.html,Q3431,,photo-card,,
,Photograph,Q315/Q3062/Q3025/Q3073/Q3120.html,Q3120,Interior of Cathédrale Saint Pierre de Nantes 23,,https://pub-8fba570827334e7b82883893c875a08c.r2.dev/photography/places/france/nantes/1024px-Interior_of_Cathédrale_Saint-Pierre_de_Nantes_23.jpg,Q3120.html,Q3334,,photo-card,,
,Photograph,Q315/Q3062/Q3025/Q3073/Q3120.html,Q3120,Pipe organ of Basilique Saint Nicolas (Nantes) 03,,https://pub-8fba570827334e7b82883893c875a08c.r2.dev/photography/places/france/nantes/1024px-Pipe_organ_of_Basilique_Saint-Nicolas_(Nantes)_03.jpg,Q3120.html,Q3327,,photo-card,,
,Photograph,Q315/Q3062/Q3025/Q3073/Q3120.html,Q3120,Interior of Cathédrale Saint Pierre de Nantes 11,,https://pub-8fba570827334e7b82883893c875a08c.r2.dev/photography/places/france/nantes/1024px-Interior_of_Cathédrale_Saint-Pierre_de_Nantes_11.jpg,Q3120.html,Q3334,,photo-card,,
,Photograph,Q315/Q3062/Q3025/Q3073/Q3120.html,Q3120,Pipe organ of Basilique Saint Nicolas (Nantes) 02,,https://pub-8fba570827334e7b82883893c875a08c.r2.dev/photography/places/france/nantes/1024px-Pipe_organ_of_Basilique_Saint-Nicolas_(Nantes)_02.jpg,Q3120.html,Q3399,,photo-card portrait,,
,Photograph,Q315/Q3062/Q3025/Q3073/Q3121.html,Q3121,Église Saint Sébastien de Narbonne 05,,https://pub-8fba570827334e7b82883893c875a08c.r2.dev/photography/places/france/narbonne/1024px-Église_Saint-Sébastien_de_Narbonne_05.jpg,Q3121.html,Q3327,,photo-card,,
,Photograph,Q315/Q3062/Q3025/Q3073/Q3121.html,Q3121,Basilique Saint Paul de Narbonne 14,,https://pub-8fba570827334e7b82883893c875a08c.r2.dev/photography/places/france/narbonne/1024px-Basilique_Saint-Paul_de_Narbonne_14.jpg,Q3121.html,Q3350,,photo-card,,
,Photograph,Q315/Q3062/Q3025/Q3073/Q3121.html,Q3121,Basilique Saint Paul de Narbonne 01,,https://pub-8fba570827334e7b82883893c875a08c.r2.dev/photography/places/france/narbonne/1024px-Basilique_Saint-Paul_de_Narbonne_01.jpg,Q3121.html,Q3365,,photo-card,,
,Photograph,Q315/Q3062/Q3025/Q3073/Q3121.html,Q3121,Narbonne market hall 01,,https://pub-8fba570827334e7b82883893c875a08c.r2.dev/photography/places/france/narbonne/1024px-Narbonne_market_hall_01.jpg,Q3121.html,Q3433,,photo-card,,
,Photograph,Q315/Q3062/Q3025/Q3073/Q3121.html,Q3121,"Bridge connecting two cities, Narbonne",,"https://pub-8fba570827334e7b82883893c875a08c.r2.dev/photography/places/france/narbonne/1024px-Bridge_connecting_two_cities,_Narbonne.jpg",Q3121.html,Q3022,,photo-card,,
,Photograph,Q315/Q3062/Q3025/Q3073/Q3121.html,Q3121,Cour Saint Eutrope 04,,https://pub-8fba570827334e7b82883893c875a08c.r2.dev/photography/places/france/narbonne/1024px-Cour_Saint_Eutrope_04.jpg,Q3121.html,Q3434,,photo-card,,
,Photograph,Q315/Q3062/Q3025/Q3073/Q3122.html,Q3122,Main hall of the Musée d'Orsay 01,,https://pub-8fba570827334e7b82883893c875a08c.r2.dev/photography/places/france/paris/1024px-Main_hall_of_the_Musée_d'Orsay_01.jpg,Q3122.html,Q3351,,photo-card,,
,Photograph,Q315/Q3062/Q3025/Q3073/Q3122.html,Q3122,Pulpit of Église Saint Merri 01,,https://pub-8fba570827334e7b82883893c875a08c.r2.dev/photography/places/france/paris/1024px-Pulpit_of_Église_Saint-Merri_01.jpg,Q3122.html,Q3352,,photo-card,,
,Photograph,Q315/Q3062/Q3025/Q3073/Q3122.html,Q3122,"Portal of église Saint Merri, Paris 01",,"https://pub-8fba570827334e7b82883893c875a08c.r2.dev/photography/places/france/paris/1024px-Portal_of_église_Saint-Merri,_Paris_01.jpg",Q3122.html,Q3353,,photo-card,,
,Photograph,Q315/Q3062/Q3025/Q3073/Q3123.html,Q3123,"Façade with wood, Pérouges",,"https://pub-8fba570827334e7b82883893c875a08c.r2.dev/photography/places/france/pérouges/1024px-Façade_with_wood,_Pérouges.jpg",Q3123.html,Q3437,,photo-card,,
,Photograph,Q315/Q3062/Q3025/Q3073/Q3123.html,Q3123,"Church, Perouges",,"https://pub-8fba570827334e7b82883893c875a08c.r2.dev/photography/places/france/pérouges/1024px-Church,_Perouges.jpg",Q3123.html,Q3438,,photo-card,,
,Photograph,Q315/Q3062/Q3025/Q3073/Q3123.html,Q3123,"Ceiling, Église Sainte Marie Madeleine de Pérouges",,"https://pub-8fba570827334e7b82883893c875a08c.r2.dev/photography/places/france/pérouges/1024px-Ceiling,_Église_Sainte-Marie-Madeleine_de_Pérouges.jpg",Q3123.html,Q3439,,photo-card,,
,Photograph,Q315/Q3062/Q3025/Q3073/Q3123.html,Q3123,"Garden view, Rue du Prince, Pérouges",,"https://pub-8fba570827334e7b82883893c875a08c.r2.dev/photography/places/france/pérouges/1024px-Garden_view,_Rue_du_Prince,_Pérouges.jpg",Q3123.html,Q3440,,photo-card,,
,Photograph,Q315/Q3062/Q3025/Q3073/Q3123.html,Q3123,Pérouges,,https://pub-8fba570827334e7b82883893c875a08c.r2.dev/photography/places/france/pérouges/1024px-Pérouges.jpg,Q3123.html,Q3123,,photo-card,,
,Photograph,Q315/Q3062/Q3025/Q3073/Q3123.html,Q3123,"Windows, Pérouges",,"https://pub-8fba570827334e7b82883893c875a08c.r2.dev/photography/places/france/pérouges/1024px-Windows,_Pérouges.jpg",Q3123.html,Q3441,,photo-card,,
,Photograph,Q315/Q3062/Q3025/Q3073/Q3124.html,Q3124,"Immeuble, 10 rue Saint Georges (Rennes) 05",,"https://pub-8fba570827334e7b82883893c875a08c.r2.dev/photography/places/france/rennes/1024px-Immeuble,_10_rue_Saint-Georges_(Rennes)_05.jpg",Q3124.html,Q3331,,photo-card,,
,Photograph,Q315/Q3062/Q3025/Q3073/Q3124.html,Q3124,"Hôtel de La Noue, Rennes 09",,"https://pub-8fba570827334e7b82883893c875a08c.r2.dev/photography/places/france/rennes/1024px-Hôtel_de_La_Noue,_Rennes_09.jpg",Q3124.html,Q3354,,photo-card,,
,Photograph,Q315/Q3062/Q3025/Q3073/Q3124.html,Q3124,"Porte Mordelaise, Rennes 03",,"https://pub-8fba570827334e7b82883893c875a08c.r2.dev/photography/places/france/rennes/1024px-Porte_Mordelaise,_Rennes_03.jpg",Q3124.html,Q3353,,photo-card,,
,Photograph,Q315/Q3062/Q3025/Q3073/Q3124.html,Q3124,West facade of Cathédrale Saint Pierre de Rennes 08,,https://pub-8fba570827334e7b82883893c875a08c.r2.dev/photography/places/france/rennes/1024px-West_facade_of_Cathédrale_Saint-Pierre_de_Rennes_08.jpg,Q3124.html,Q3350,,photo-card,,
,Photograph,Q315/Q3062/Q3025/Q3073/Q3124.html,Q3124,Exterior of Cathédrale Saint Pierre de Rennes 04,,https://pub-8fba570827334e7b82883893c875a08c.r2.dev/photography/places/france/rennes/1024px-Exterior_of_Cathédrale_Saint-Pierre_de_Rennes_04.jpg,Q3124.html,Q3365,,photo-card,,
,Photograph,Q315/Q3062/Q3025/Q3073/Q3124.html,Q3124,Prison Saint Michel (Rennes) 05,,https://pub-8fba570827334e7b82883893c875a08c.r2.dev/photography/places/france/rennes/1024px-Prison_Saint-Michel_(Rennes)_05.jpg,Q3124.html,Q3331,,photo-card,,
,Photograph,Q315/Q3062/Q3025/Q3073/Q3124.html,Q3124,West facade of Cathédrale Saint Pierre de Rennes 04,,https://pub-8fba570827334e7b82883893c875a08c.r2.dev/photography/places/france/rennes/1024px-West_facade_of_Cathédrale_Saint-Pierre_de_Rennes_04.jpg,Q3124.html,Q3334,,photo-card,,
,Photograph,Q315/Q3062/Q3025/Q3073/Q3125.html,Q3125,View of Saint Malo Beach 01,,https://pub-8fba570827334e7b82883893c875a08c.r2.dev/photography/places/france/saint-malo/1024px-View_of_Saint-Malo_Beach_01.jpg,Q3125.html,Q3020,,photo-card,,
,Photograph,Q315/Q3062/Q3025/Q3073/Q3125.html,Q3125,Golden hour in Saint Malo 03,,https://pub-8fba570827334e7b82883893c875a08c.r2.dev/photography/places/france/saint-malo/1024px-Golden_hour_in_Saint-Malo_03.jpg,Q3125.html,Q3341,,photo-card,,
,Photograph,Q315/Q3062/Q3025/Q3073/Q3125.html,Q3125,"Sunset, Plage du Môle (Saint Malo) 02",,"https://pub-8fba570827334e7b82883893c875a08c.r2.dev/photography/places/france/saint-malo/1024px-Sunset,_Plage_du_Môle_(Saint-Malo)_02.jpg",Q3125.html,Q3263,,photo-card,,
,Photograph,Q315/Q3062/Q3025/Q3073/Q3125.html,Q3125,Vitraux de la cathédrale Saint Vincent de Saint Malo 02,,https://pub-8fba570827334e7b82883893c875a08c.r2.dev/photography/places/france/saint-malo/1024px-Vitraux_de_la_cathédrale_Saint-Vincent_de_Saint-Malo_02.jpg,Q3125.html,Q3356,,photo-card,,
,Photograph,Q315/Q3062/Q3025/Q3073/Q3125.html,Q3125,Chapelle Saint Aaron 04,,https://pub-8fba570827334e7b82883893c875a08c.r2.dev/photography/places/france/saint-malo/1024px-Chapelle_Saint-Aaron_04.jpg,Q3125.html,Q3360,,photo-card,,
,Photograph,Q315/Q3062/Q3025/Q3073/Q3125.html,Q3125,Place du Marché aux Légumes (Saint Malo) 02,,https://pub-8fba570827334e7b82883893c875a08c.r2.dev/photography/places/france/saint-malo/1024px-Place_du_Marché_aux_Légumes_(Saint-Malo)_02.jpg,Q3125.html,Q3444,,photo-card,,
,Photograph,Q315/Q3062/Q3025/Q3073/Q3125.html,Q3125,Interior of Chapelle Sainte Anne des Grèves de Saint Malo 04,,https://pub-8fba570827334e7b82883893c875a08c.r2.dev/photography/places/france/saint-malo/1024px-Interior_of_Chapelle_Sainte-Anne-des-Grèves_de_Saint-Malo_04.jpg,Q3125.html,Q3360,,photo-card,,
,Photograph,Q315/Q3062/Q3025/Q3073/Q3125.html,Q3125,"Twilight, Plage du Môle (Saint Malo) 06",,"https://pub-8fba570827334e7b82883893c875a08c.r2.dev/photography/places/france/saint-malo/1024px-Twilight,_Plage_du_Môle_(Saint-Malo)_06.jpg",Q3125.html,Q3422,,photo-card,,
,Photograph,Q315/Q3062/Q3025/Q3073/Q3125.html,Q3125,Fort National (Saint Malo) 17,,https://pub-8fba570827334e7b82883893c875a08c.r2.dev/photography/places/france/saint-malo/1024px-Fort_National_(Saint-Malo)_17.jpg,Q3125.html,Q3515,,photo-card,,
,Photograph,Q315/Q3062/Q3025/Q3073/Q3125.html,Q3125,Porte Saint Vincent (Saint Malo) 04,,https://pub-8fba570827334e7b82883893c875a08c.r2.dev/photography/places/france/saint-malo/1024px-Porte_Saint-Vincent_(Saint-Malo)_04.jpg,Q3125.html,Q3353,,photo-card,,
,Photograph,Q315/Q3062/Q3025/Q3073/Q3126.html,Q3126,Aqueduc de Saint Nazaire en Royans 01,,https://pub-8fba570827334e7b82883893c875a08c.r2.dev/photography/places/france/saint-nazaire-en-royans/1024px-Aqueduc_de_Saint-Nazaire-en-Royans_01.jpg,Q3126.html,Q3126,,photo-card,,
,Photograph,Q315/Q3062/Q3025/Q3073/Q3127.html,Q3127,"Ancienne pharmacie du Cerf, Strasbourg 01",,"https://pub-8fba570827334e7b82883893c875a08c.r2.dev/photography/places/france/strasbourg/1024px-Ancienne_pharmacie_du_Cerf,_Strasbourg_01.jpg",Q3127.html,Q3331,,photo-card,,
,Photograph,Q315/Q3062/Q3025/Q3073/Q3127.html,Q3127,"Exterior of Saint Pierre le Jeune Protestant Church, Strasbourg 03",,"https://pub-8fba570827334e7b82883893c875a08c.r2.dev/photography/places/france/strasbourg/1024px-Exterior_of_Saint-Pierre-le-Jeune_Protestant_Church,_Strasbourg_03.jpg",Q3127.html,Q3327,,photo-card,,
,Photograph,Q315/Q3062/Q3025/Q3073/Q3127.html,Q3127,Tympanum of the central portal of the western facade of Notre Dame de Strasbourg 04,,https://pub-8fba570827334e7b82883893c875a08c.r2.dev/photography/places/france/strasbourg/1024px-Tympanum_of_the_central_portal_of_the_western_facade_of_Notre-Dame_de_Strasbourg_04.jpg,Q3127.html,Q3334,,photo-card,,
,Photograph,Q315/Q3062/Q3025/Q3073/Q3127.html,Q3127,"March of the Nations towards the Cross, Strasbourg 01",,"https://pub-8fba570827334e7b82883893c875a08c.r2.dev/photography/places/france/strasbourg/1024px-March_of_the_Nations_towards_the_Cross,_Strasbourg_01.jpg",Q3127.html,Q3357,,photo-card,,
,Photograph,Q315/Q3062/Q3025/Q3073/Q3127.html,Q3127,"Silbermann pipe organ of Église Saint Thomas, Strasbourg 02",,"https://pub-8fba570827334e7b82883893c875a08c.r2.dev/photography/places/france/strasbourg/1024px-Silbermann_pipe_organ_of_Église_Saint-Thomas,_Strasbourg_02.jpg",Q3127.html,Q3399,,photo-card,,
,Photograph,Q315/Q3062/Q3025/Q3073/Q3127.html,Q3127,"Frescos of Saint Pierre le Jeune Protestant Church, Strasbourg (Cloister) 05",,"https://pub-8fba570827334e7b82883893c875a08c.r2.dev/photography/places/france/strasbourg/1024px-Frescos_of_Saint-Pierre-le-Jeune_Protestant_Church,_Strasbourg_(Cloister)_05.jpg",Q3127.html,Q3448,,photo-card,,
,Photograph,Q315/Q3062/Q3025/Q3073/Q3127.html,Q3127,Pipe organ of Saint Pierre le Jeune Protestant Church   Strasbourg 05,,https://pub-8fba570827334e7b82883893c875a08c.r2.dev/photography/places/france/strasbourg/1024px-Pipe_organ_of_Saint-Pierre-le-Jeune_Protestant_Church_-_Strasbourg_05.jpg,Q3127.html,Q3399,,photo-card,,
,Photograph,Q315/Q3062/Q3025/Q3073/Q3127.html,Q3127,"Riverside façade of Palais Rohan, Strasbourg 02",,"https://pub-8fba570827334e7b82883893c875a08c.r2.dev/photography/places/france/strasbourg/1024px-Riverside_façade_of_Palais_Rohan,_Strasbourg_02.jpg",Q3127.html,Q3398,,photo-card,,
,Photograph,Q315/Q3062/Q3025/Q3073/Q3127.html,Q3127,"Cour du Corbeau, Strasbourg 11",,"https://pub-8fba570827334e7b82883893c875a08c.r2.dev/photography/places/france/strasbourg/1024px-Cour_du_Corbeau,_Strasbourg_11.jpg",Q3127.html,Q3434,,photo-card,,
,Photograph,Q315/Q3062/Q3025/Q3073/Q3128.html,Q3128,Eglise Saint Aubin (Toulouse) Arche 20171118,,https://pub-8fba570827334e7b82883893c875a08c.r2.dev/photography/places/france/toulouse/1024px-Eglise_Saint-Aubin_(Toulouse)_Arche_20171118.jpg,Q3128.html,Q3128,,photo-card,,
,Photograph,Q315/Q3062/Q3025/Q3073/Q3129.html,Q3129,Street light in Vaise,,https://pub-8fba570827334e7b82883893c875a08c.r2.dev/photography/places/france/vaise/1024px-Street_light_in_Vaise.jpg,Q3129.html,Q3129,,photo-card portrait,,
,Photograph,Q315/Q3062/Q3025/Q3073/Q3130.html,Q3130,"Sunset, Pic Saint Loup",,"https://pub-8fba570827334e7b82883893c875a08c.r2.dev/photography/places/france/valflaunès/1024px-Sunset,_Pic-Saint-Loup.jpg",Q3130.html,Q3263,,photo-card,,
,Photograph,Q315/Q3062/Q3025/Q3073/Q3131.html,Q3131,Château de Tournoël View,,https://pub-8fba570827334e7b82883893c875a08c.r2.dev/photography/places/france/volvic/1024px-Château_de_Tournoël_View.jpg,Q3131.html,Q3131,,photo-card,,
,Photograph,Q315/Q3062/Q3025/Q3074/Q3132.html,Q3132,Mitte   Berlin Cathedral   20170803181059,,https://pub-8fba570827334e7b82883893c875a08c.r2.dev/photography/places/germany/berlin/1024px-Mitte_-_Berlin_Cathedral_-_20170803181059.jpg,Q3132.html,Q3132,,photo-card,,
,Photograph,Q315/Q3062/Q3025/Q3074/Q3133.html,Q3133,Windows of Wartburg Castle,,https://pub-8fba570827334e7b82883893c875a08c.r2.dev/photography/places/germany/wartburg/1024px-Windows_of_Wartburg_Castle.jpg,Q3133.html,Q3133,,photo-card,,
,Photograph,Q315/Q3062/Q3025/Q3075/Q3134.html,Q3134,10th century icon in the Byzantine and Christian Museum (Athens) 01,,https://pub-8fba570827334e7b82883893c875a08c.r2.dev/photography/places/greece/athens/1024px-10th-century_icon_in_the_Byzantine_and_Christian_Museum_(Athens)_01.jpg,Q3134.html,Q3134,,photo-card portrait,,
,Photograph,Q315/Q3062/Q3025/Q3075/Q3134.html,Q3134,"Temple of Hephaestus, Athens 06",,"https://pub-8fba570827334e7b82883893c875a08c.r2.dev/photography/places/greece/athens/1024px-Temple_of_Hephaestus,_Athens_06.jpg",Q3134.html,Q3134,,photo-card,,
,Photograph,Q315/Q3062/Q3025/Q3075/Q3134.html,Q3134,"Church of Megali Panagia, Athens 10",,"https://pub-8fba570827334e7b82883893c875a08c.r2.dev/photography/places/greece/athens/1024px-Church_of_Megali_Panagia,_Athens_10.jpg",Q3134.html,Q3134,,photo-card portrait,,
,Photograph,Q315/Q3062/Q3025/Q3075/Q3134.html,Q3134,"National Garden, Athens 07",,"https://pub-8fba570827334e7b82883893c875a08c.r2.dev/photography/places/greece/athens/1024px-National_Garden,_Athens_07.jpg",Q3134.html,Q3134,,photo-card,,
,Photograph,Q315/Q3062/Q3025/Q3075/Q3135.html,Q3135,Heraklion   Agios Minas Cathedral   20140528133922,,https://pub-8fba570827334e7b82883893c875a08c.r2.dev/photography/places/greece/heraklion/1024px-Heraklion_-_Agios_Minas_Cathedral_-_20140528133922.jpg,Q3135.html,Q3135,,photo-card portrait,,
,Photograph,Q315/Q3062/Q3025/Q3075/Q3135.html,Q3135,"Νωπογραφία, Κνωσός",,"https://pub-8fba570827334e7b82883893c875a08c.r2.dev/photography/places/greece/heraklion/1024px-Νωπογραφία,_Κνωσός.jpg",Q3135.html,Q3135,,photo-card,,
,Photograph,Q315/Q3062/Q3025/Q3075/Q3135.html,Q3135,"Τείχος, Κνωσός",,"https://pub-8fba570827334e7b82883893c875a08c.r2.dev/photography/places/greece/heraklion/1024px-Τείχος,_Κνωσός.jpg",Q3135.html,Q3135,,photo-card,,
,Photograph,Q315/Q3062/Q3025/Q3075/Q3136.html,Q3136,Chapel of St. George Sarandaris 11,,https://pub-8fba570827334e7b82883893c875a08c.r2.dev/photography/places/greece/hersonissos/1024px-Chapel_of_St._George_Sarandaris_11.jpg,Q3136.html,Q3360,,photo-card,,
,Photograph,Q315/Q3062/Q3025/Q3075/Q3136.html,Q3136,Chapel of St. George Sarandaris 03,,https://pub-8fba570827334e7b82883893c875a08c.r2.dev/photography/places/greece/hersonissos/1024px-Chapel_of_St._George_Sarandaris_03.jpg,Q3136.html,Q3360,,photo-card,,
,Photograph,Q315/Q3062/Q3025/Q3075/Q3136.html,Q3136,Chapel of St. George Sarandaris 09,,https://pub-8fba570827334e7b82883893c875a08c.r2.dev/photography/places/greece/hersonissos/1024px-Chapel_of_St._George_Sarandaris_09.jpg,Q3136.html,Q3360,,photo-card,,
,Photograph,Q315/Q3062/Q3025/Q3075/Q3136.html,Q3136,Chapel of St. George Sarandaris 21,,https://pub-8fba570827334e7b82883893c875a08c.r2.dev/photography/places/greece/hersonissos/1024px-Chapel_of_St._George_Sarandaris_21.jpg,Q3136.html,Q3361,,photo-card portrait,,
,Photograph,Q315/Q3062/Q3025/Q3075/Q3136.html,Q3136,Chapel of St. George Sarandaris 07,,https://pub-8fba570827334e7b82883893c875a08c.r2.dev/photography/places/greece/hersonissos/1024px-Chapel_of_St._George_Sarandaris_07.jpg,Q3136.html,Q3361,,photo-card portrait,,
,Photograph,Q315/Q3062/Q3025/Q3075/Q3136.html,Q3136,Chapel of St. George Sarandaris 16,,https://pub-8fba570827334e7b82883893c875a08c.r2.dev/photography/places/greece/hersonissos/1024px-Chapel_of_St._George_Sarandaris_16.jpg,Q3136.html,Q3361,,photo-card portrait,,
,Photograph,Q315/Q3062/Q3025/Q3076/Q3137.html,Q3137,"Matthias Church at Night, Budapest",,"https://pub-8fba570827334e7b82883893c875a08c.r2.dev/photography/places/hungary/budapest/1024px-Matthias_Church_at_Night,_Budapest.jpg",Q3137.html,Q3137,,photo-card portrait,,
,Photograph,Q315/Q3062/Q3025/Q3076/Q3137.html,Q3137,"Fisherman's Bastion, Budapest 03",,"https://pub-8fba570827334e7b82883893c875a08c.r2.dev/photography/places/hungary/budapest/1024px-Fisherman's_Bastion,_Budapest_03.jpg",Q3137.html,Q3137,,photo-card portrait,,
,Photograph,Q315/Q3062/Q3025/Q3076/Q3137.html,Q3137,"Fisherman's Bastion, Budapest 02",,"https://pub-8fba570827334e7b82883893c875a08c.r2.dev/photography/places/hungary/budapest/1024px-Fisherman's_Bastion,_Budapest_02.jpg",Q3137.html,Q3137,,photo-card,,
,Photograph,Q315/Q3062/Q3025/Q3076/Q3137.html,Q3137,"Roof of Matthias Church, Budapest 03",,"https://pub-8fba570827334e7b82883893c875a08c.r2.dev/photography/places/hungary/budapest/1024px-Roof_of_Matthias_Church,_Budapest_03.jpg",Q3137.html,Q3137,,photo-card portrait,,
,Photograph,Q315/Q3062/Q3025/Q3077/Q3138.html,Q3138,Street lights in Bologna 03,,https://pub-8fba570827334e7b82883893c875a08c.r2.dev/photography/places/italy/bologna/1024px-Street_lights_in_Bologna_03.jpg,Q3138.html,Q3138,,photo-card,,
,Photograph,Q315/Q3062/Q3025/Q3077/Q3138.html,Q3138,Street lights in Bologna 02,,https://pub-8fba570827334e7b82883893c875a08c.r2.dev/photography/places/italy/bologna/1024px-Street_lights_in_Bologna_02.jpg,Q3138.html,Q3138,,photo-card portrait,,
,Photograph,Q315/Q3062/Q3025/Q3077/Q3139.html,Q3139,"Door, Florence",,"https://pub-8fba570827334e7b82883893c875a08c.r2.dev/photography/places/italy/florence/1024px-Door,_Florence.jpg",Q3139.html,Q3139,,photo-card,,
,Photograph,Q315/Q3062/Q3025/Q3077/Q3140.html,Q3140,Building in Genoa 01,,https://pub-8fba570827334e7b82883893c875a08c.r2.dev/photography/places/italy/genoa/1024px-Building_in_Genoa_01.jpg,Q3140.html,Q3140,,photo-card,,
,Photograph,Q315/Q3062/Q3025/Q3077/Q3141.html,Q3141,Santa Giustina (Padua)   Exterior view 09,,https://pub-8fba570827334e7b82883893c875a08c.r2.dev/photography/places/italy/padua/1024px-Santa_Giustina_(Padua)_-_Exterior_view_09.jpg,Q3141.html,Q3344,,photo-card,,
,Photograph,Q315/Q3062/Q3025/Q3077/Q3141.html,Q3141,Prato della Valle   Bridges 01,,https://pub-8fba570827334e7b82883893c875a08c.r2.dev/photography/places/italy/padua/1024px-Prato_della_Valle_-_Bridges_01.jpg,Q3141.html,Q3344,,photo-card,,
,Photograph,Q315/Q3062/Q3025/Q3077/Q3141.html,Q3141,Santa Giustina (Padua)   Exterior view 03,,https://pub-8fba570827334e7b82883893c875a08c.r2.dev/photography/places/italy/padua/1024px-Santa_Giustina_(Padua)_-_Exterior_view_03.jpg,Q3141.html,Q3365,,photo-card portrait,,
,Photograph,Q315/Q3062/Q3025/Q3077/Q3141.html,Q3141,Prato della Valle   Bridges 02,,https://pub-8fba570827334e7b82883893c875a08c.r2.dev/photography/places/italy/padua/1024px-Prato_della_Valle_-_Bridges_02.jpg,Q3141.html,Q3022,,photo-card,,
,Photograph,Q315/Q3062/Q3025/Q3077/Q3142.html,Q3142,Pisa   Pisa Cathedral   20161008124001,,https://pub-8fba570827334e7b82883893c875a08c.r2.dev/photography/places/italy/pisa/1024px-Pisa_-_Pisa_Cathedral_-_20161008124001.jpg,Q3142.html,Q3142,,photo-card,,
,Photograph,Q315/Q3062/Q3025/Q3077/Q3142.html,Q3142,Pisa   Baptistry San Giovanni   20161008125221,,https://pub-8fba570827334e7b82883893c875a08c.r2.dev/photography/places/italy/pisa/1024px-Pisa_-_Baptistry_San_Giovanni_-_20161008125221.jpg,Q3142.html,Q3142,,photo-card,,
,Photograph,Q315/Q3062/Q3025/Q3077/Q3142.html,Q3142,Pisa   Pisa Cathedral   20161008125143,,https://pub-8fba570827334e7b82883893c875a08c.r2.dev/photography/places/italy/pisa/1024px-Pisa_-_Pisa_Cathedral_-_20161008125143.jpg,Q3142.html,Q3142,,photo-card,,
,Photograph,Q315/Q3062/Q3025/Q3077/Q3142.html,Q3142,Pisa   Leaning Tower of Pisa   20161008124849,,https://pub-8fba570827334e7b82883893c875a08c.r2.dev/photography/places/italy/pisa/1024px-Pisa_-_Leaning_Tower_of_Pisa_-_20161008124849.jpg,Q3142.html,Q3142,,photo-card portrait,,
,Photograph,Q315/Q3062/Q3025/Q3077/Q3143.html,Q3143,Arch in Turin,,https://pub-8fba570827334e7b82883893c875a08c.r2.dev/photography/places/italy/turin/1024px-Arch_in_Turin.jpg,Q3143.html,Q3143,,photo-card,,
,Photograph,Q315/Q3062/Q3025/Q3077/Q3143.html,Q3143,Street light in Turin,,https://pub-8fba570827334e7b82883893c875a08c.r2.dev/photography/places/italy/turin/1024px-Street_light_in_Turin.jpg,Q3143.html,Q3143,,photo-card,,
,Photograph,Q315/Q3062/Q3025/Q3077/Q3143.html,Q3143,Arches in Turin,,https://pub-8fba570827334e7b82883893c875a08c.r2.dev/photography/places/italy/turin/1024px-Arches_in_Turin.jpg,Q3143.html,Q3143,,photo-card,,
,Photograph,Q315/Q3062/Q3025/Q3077/Q3144.html,Q3144,Gondolas in Venice,,https://pub-8fba570827334e7b82883893c875a08c.r2.dev/photography/places/italy/venice/1024px-Gondolas_in_Venice.jpg,Q3144.html,Q3366,,photo-card,,
,Photograph,Q315/Q3062/Q3025/Q3077/Q3144.html,Q3144,"Sunset and Sea, Venice",,"https://pub-8fba570827334e7b82883893c875a08c.r2.dev/photography/places/italy/venice/1024px-Sunset_and_Sea,_Venice.jpg",Q3144.html,Q3263,,photo-card,,
,Photograph,Q315/Q3062/Q3025/Q3077/Q3144.html,Q3144,"Church in evening, Venice",,"https://pub-8fba570827334e7b82883893c875a08c.r2.dev/photography/places/italy/venice/1024px-Church_in_evening,_Venice.jpg",Q3144.html,Q3327,,photo-card,,
,Photograph,Q315/Q3062/Q3025/Q3077/Q3144.html,Q3144,"Evening sky, Venice",,"https://pub-8fba570827334e7b82883893c875a08c.r2.dev/photography/places/italy/venice/1024px-Evening_sky,_Venice.jpg",Q3144.html,Q3367,,photo-card,,
,Photograph,Q315/Q3062/Q3025/Q3077/Q3144.html,Q3144,"Gondolas, Venice",,"https://pub-8fba570827334e7b82883893c875a08c.r2.dev/photography/places/italy/venice/1024px-Gondolas,_Venice.jpg",Q3144.html,Q3366,,photo-card,,
,Photograph,Q315/Q3062/Q3025/Q3078/Q3145.html,Q3145,Bridge on Daugava River,,https://pub-8fba570827334e7b82883893c875a08c.r2.dev/photography/places/latvia/riga/1024px-Bridge_on_Daugava_River.jpg,Q3145.html,,,,Daugava Bridge,
,Photograph,Q315/Q3062/Q3025/Q3078/Q3145.html,Q3145,View of orthodox church In Riga,,https://pub-8fba570827334e7b82883893c875a08c.r2.dev/photography/places/latvia/riga/1024px-View_of_orthodox_church_In_Riga.jpg,Q3145.html,,,,Orthodox Church,
,Photograph,Q315/Q3062/Q3025/Q3078/Q3145.html,Q3145,"Street light and Church, Riga",,"https://pub-8fba570827334e7b82883893c875a08c.r2.dev/photography/places/latvia/riga/1024px-Street_light_and_Church,_Riga.jpg",Q3145.html,,,,Street Light,
,Photograph,Q315/Q3062/Q3025/Q3078/Q3145.html,Q3145,Evening In Riga,,https://pub-8fba570827334e7b82883893c875a08c.r2.dev/photography/places/latvia/riga/1024px-Evening_In_Riga.jpg,Q3145.html,,,,Evening Glow,
,Photograph,Q315/Q3062/Q3025/Q3078/Q3145.html,Q3145,Entry to a building In Riga,,https://pub-8fba570827334e7b82883893c875a08c.r2.dev/photography/places/latvia/riga/1024px-Entry_to_a_building_In_Riga.jpg,Q3145.html,,,,Building Entry,
,Photograph,Q315/Q3062/Q3025/Q3078/Q3145.html,Q3145,View of Windows in Riga,,https://pub-8fba570827334e7b82883893c875a08c.r2.dev/photography/places/latvia/riga/1024px-View_of_Windows_in_Riga.jpg,Q3145.html,,,,Historic Windows,
,Photograph,Q315/Q3062/Q3025/Q3079/Q3146.html,Q3146,"Windows in Vilnius, Lithuania",,"https://pub-8fba570827334e7b82883893c875a08c.r2.dev/photography/places/lithuania/vilnius/1024px-Windows_in_Vilnius,_Lithuania.jpg",Q3146.html,,,,Historic Windows,
,Photograph,Q315/Q3062/Q3025/Q3079/Q3146.html,Q3146,"Cathedral, Vilnius",,"https://pub-8fba570827334e7b82883893c875a08c.r2.dev/photography/places/lithuania/vilnius/1024px-Cathedral,_Vilnius.jpg",Q3146.html,,,,Grand Cathedral,
,Photograph,Q315/Q3062/Q3025/Q3079/Q3146.html,Q3146,Skyline In Vilnius,,https://pub-8fba570827334e7b82883893c875a08c.r2.dev/photography/places/lithuania/vilnius/1024px-Skyline_In_Vilnius.jpg,Q3146.html,,,,City Skyline,
,Photograph,Q315/Q3062/Q3025/Q3079/Q3146.html,Q3146,"Building, Vilnius",,"https://pub-8fba570827334e7b82883893c875a08c.r2.dev/photography/places/lithuania/vilnius/1024px-Building,_Vilnius.jpg",Q3146.html,,,,Historic Building,
,Photograph,Q315/Q3062/Q3025/Q3079/Q3146.html,Q3146,"Church view, Vilnius",,"https://pub-8fba570827334e7b82883893c875a08c.r2.dev/photography/places/lithuania/vilnius/1024px-Church_view,_Vilnius.jpg",Q3146.html,,,,Church View,
,Photograph,Q315/Q3062/Q3025/Q3079/Q3146.html,Q3146,Church dome In Vilnius,,https://pub-8fba570827334e7b82883893c875a08c.r2.dev/photography/places/lithuania/vilnius/1024px-Church_dome_In_Vilnius.jpg,Q3146.html,,,,Baroque Dome,
,Photograph,Q315/Q3062/Q3025/Q3079/Q3146.html,Q3146,"Church of St Casimir, Vilnius",,"https://pub-8fba570827334e7b82883893c875a08c.r2.dev/photography/places/lithuania/vilnius/1024px-Church_of_St_Casimir,_Vilnius.jpg",Q3146.html,,,,St. Casimir,
,Photograph,Q315/Q3062/Q3025/Q3080/Q3147.html,Q3147,Flowers of Luxembourg 05,,https://pub-8fba570827334e7b82883893c875a08c.r2.dev/photography/places/luxembourg/luxembourg-city/1024px-Flowers_of_Luxembourg_05.jpg,Q3147.html,,,,Garden Blooms,
,Photograph,Q315/Q3062/Q3025/Q3080/Q3147.html,Q3147,Lonely bench in Luxembourg,,https://pub-8fba570827334e7b82883893c875a08c.r2.dev/photography/places/luxembourg/luxembourg-city/1024px-Lonely_bench_in_Luxembourg.jpg,Q3147.html,,,,Quiet Corner,
,Photograph,Q315/Q3062/Q3025/Q3080/Q3147.html,Q3147,Street light in Luxembourg 03,,https://pub-8fba570827334e7b82883893c875a08c.r2.dev/photography/places/luxembourg/luxembourg-city/1024px-Street_light_in_Luxembourg_03.jpg,Q3147.html,,,portrait,Street Light,
,Photograph,Q315/Q3062/Q3025/Q3080/Q3148.html,Q3148,Vianden castle 05,,https://pub-8fba570827334e7b82883893c875a08c.r2.dev/photography/places/luxembourg/vianden/1024px-Vianden_castle_05.jpg,Q3148.html,,,,Castle Majesty,
,Photograph,Q315/Q3062/Q3025/Q3080/Q3148.html,Q3148,Chapel in Vianden Castle,,https://pub-8fba570827334e7b82883893c875a08c.r2.dev/photography/places/luxembourg/vianden/1024px-Chapel_in_Vianden_Castle.jpg,Q3148.html,,,,Castle Chapel,
,Photograph,Q315/Q3062/Q3025/Q3081/Q3149.html,Q3149,Houses in the Main Town of Gdansk on Motława river,,https://pub-8fba570827334e7b82883893c875a08c.r2.dev/photography/places/poland/gdansk/1024px-Houses_in_the_Main_Town_of_Gdansk_on_Motława_river.jpg,Q3149.html,Q3149,,photo-card,,
,Photograph,Q315/Q3062/Q3025/Q3081/Q3150.html,Q3150,"Reflection of building of Polish National Radio Symphony Orchestra, Katowice 01",,"https://pub-8fba570827334e7b82883893c875a08c.r2.dev/photography/places/poland/katowice/1024px-Reflection_of_building_of_Polish_National_Radio_Symphony_Orchestra,_Katowice_01.jpg",Q3150.html,Q3309,,photo-card,,
,Photograph,Q315/Q3062/Q3025/Q3081/Q3150.html,Q3150,33 Mariacka Street in Katowice,,https://pub-8fba570827334e7b82883893c875a08c.r2.dev/photography/places/poland/katowice/1024px-33_Mariacka_Street_in_Katowice.jpg,Q3150.html,Q3331,,photo-card,,
,Photograph,Q315/Q3062/Q3025/Q3081/Q3150.html,Q3150,Exterior view of Immaculate Conception church in Katowice 06,,https://pub-8fba570827334e7b82883893c875a08c.r2.dev/photography/places/poland/katowice/1024px-Exterior_view_of_Immaculate_Conception_church_in_Katowice_06.jpg,Q3150.html,Q3327,,photo-card portrait,,
,Photograph,Q315/Q3062/Q3025/Q3081/Q3150.html,Q3150,7 Mariacka Street in Katowice,,https://pub-8fba570827334e7b82883893c875a08c.r2.dev/photography/places/poland/katowice/1024px-7_Mariacka_Street_in_Katowice.jpg,Q3150.html,Q3472,,photo-card portrait,,
,Photograph,Q315/Q3062/Q3025/Q3081/Q3150.html,Q3150,"Door, Mariacka Street in Katowice 01",,"https://pub-8fba570827334e7b82883893c875a08c.r2.dev/photography/places/poland/katowice/1024px-Door,_Mariacka_Street_in_Katowice_01.jpg",Q3150.html,Q3365,,photo-card portrait,,
,Photograph,Q315/Q3062/Q3025/Q3081/Q3150.html,Q3150,"Building of Polish National Radio Symphony Orchestra, Katowice 02",,"https://pub-8fba570827334e7b82883893c875a08c.r2.dev/photography/places/poland/katowice/1024px-Building_of_Polish_National_Radio_Symphony_Orchestra,_Katowice_02.jpg",Q3150.html,Q3346,,photo-card portrait,,
,Photograph,Q315/Q3062/Q3025/Q3081/Q3150.html,Q3150,"Street benches, Katowice 03",,"https://pub-8fba570827334e7b82883893c875a08c.r2.dev/photography/places/poland/katowice/1024px-Street_benches,_Katowice_03.jpg",Q3150.html,Q3473,,photo-card portrait,,
,Photograph,Q315/Q3062/Q3025/Q3081/Q3150.html,Q3150,Hotel Monopol in Katowice 03,,https://pub-8fba570827334e7b82883893c875a08c.r2.dev/photography/places/poland/katowice/1024px-Hotel_Monopol_in_Katowice_03.jpg,Q3150.html,Q3354,,photo-card portrait,,
,Photograph,Q315/Q3062/Q3025/Q3081/Q3150.html,Q3150,"Statue of man playing guitar, Katowice 01",,"https://pub-8fba570827334e7b82883893c875a08c.r2.dev/photography/places/poland/katowice/1024px-Statue_of_man_playing_guitar,_Katowice_01.jpg",Q3150.html,Q3347,,photo-card portrait,,
,Photograph,Q315/Q3062/Q3025/Q3081/Q3150.html,Q3150,Street benches in Katowice 01,,https://pub-8fba570827334e7b82883893c875a08c.r2.dev/photography/places/poland/katowice/1024px-Street_benches_in_Katowice_01.jpg,Q3150.html,Q3354,,photo-card,,
,Photograph,Q315/Q3062/Q3025/Q3081/Q3151.html,Q3151,View of Nowy Sącz 02,,https://pub-8fba570827334e7b82883893c875a08c.r2.dev/photography/places/poland/nowy-sącz/1024px-View_of_Nowy_Sącz_02.jpg,Q3151.html,Q3151,,photo-card,,
,Photograph,Q315/Q3062/Q3025/Q3081/Q3151.html,Q3151,View of Nowy Sącz 04,,https://pub-8fba570827334e7b82883893c875a08c.r2.dev/photography/places/poland/nowy-sącz/1024px-View_of_Nowy_Sącz_04.jpg,Q3151.html,Q3475,,photo-card,,
,Photograph,Q315/Q3062/Q3025/Q3081/Q3151.html,Q3151,View of Nowy Sącz 11,,https://pub-8fba570827334e7b82883893c875a08c.r2.dev/photography/places/poland/nowy-sącz/1024px-View_of_Nowy_Sącz_11.jpg,Q3151.html,Q3151,,photo-card,,
,Photograph,Q315/Q3062/Q3025/Q3081/Q3151.html,Q3151,View of Nowy Sącz 03,,https://pub-8fba570827334e7b82883893c875a08c.r2.dev/photography/places/poland/nowy-sącz/1024px-View_of_Nowy_Sącz_03.jpg,Q3151.html,Q3476,,photo-card,,
,Photograph,Q315/Q3062/Q3025/Q3081/Q3151.html,Q3151,View of Nowy Sącz 05,,https://pub-8fba570827334e7b82883893c875a08c.r2.dev/photography/places/poland/nowy-sącz/1024px-View_of_Nowy_Sącz_05.jpg,Q3151.html,Q3349,,photo-card,,
,Photograph,Q315/Q3062/Q3025/Q3081/Q3152.html,Q3152,View of John Paul II Altar in Stary Sącz 06,,https://pub-8fba570827334e7b82883893c875a08c.r2.dev/photography/places/poland/stary-sącz/1024px-View_of_John_Paul_II_Altar_in_Stary_Sącz_06.jpg,Q3152.html,Q3332,,photo-card,,
,Photograph,Q315/Q3062/Q3025/Q3081/Q3152.html,Q3152,View of John Paul II Altar in Stary Sącz 02,,https://pub-8fba570827334e7b82883893c875a08c.r2.dev/photography/places/poland/stary-sącz/1024px-View_of_John_Paul_II_Altar_in_Stary_Sącz_02.jpg,Q3152.html,Q3332,,photo-card,,
,Photograph,Q315/Q3062/Q3025/Q3081/Q3152.html,Q3152,Stary Sącz train station 01,,https://pub-8fba570827334e7b82883893c875a08c.r2.dev/photography/places/poland/stary-sącz/1024px-Stary_Sącz_train_station_01.jpg,Q3152.html,Q3047,,photo-card,,
,Photograph,Q315/Q3062/Q3025/Q3081/Q3152.html,Q3152,Evening view of Stary Sącz 05,,https://pub-8fba570827334e7b82883893c875a08c.r2.dev/photography/places/poland/stary-sącz/1024px-Evening_view_of_Stary_Sącz_05.jpg,Q3152.html,Q3327,,photo-card,,
,Photograph,Q315/Q3062/Q3025/Q3081/Q3152.html,Q3152,View of Stary Sącz 07,,https://pub-8fba570827334e7b82883893c875a08c.r2.dev/photography/places/poland/stary-sącz/1024px-View_of_Stary_Sącz_07.jpg,Q3152.html,Q3353,,photo-card,,
,Photograph,Q315/Q3062/Q3025/Q3081/Q3152.html,Q3152,View of Stary Sącz 03,,https://pub-8fba570827334e7b82883893c875a08c.r2.dev/photography/places/poland/stary-sącz/1024px-View_of_Stary_Sącz_03.jpg,Q3152.html,Q3349,,photo-card,,
,Photograph,Q315/Q3062/Q3025/Q3081/Q3152.html,Q3152,Holy Trinity and Saint Clare church in Stary Sącz 03,,https://pub-8fba570827334e7b82883893c875a08c.r2.dev/photography/places/poland/stary-sącz/1024px-Holy_Trinity_and_Saint_Clare_church_in_Stary_Sącz_03.jpg,Q3152.html,Q3327,,photo-card,,
,Photograph,Q315/Q3062/Q3025/Q3081/Q3152.html,Q3152,Holy Trinity and Saint Clare church in Stary Sącz 01,,https://pub-8fba570827334e7b82883893c875a08c.r2.dev/photography/places/poland/stary-sącz/1024px-Holy_Trinity_and_Saint_Clare_church_in_Stary_Sącz_01.jpg,Q3152.html,Q3327,,photo-card,,
,Photograph,Q315/Q3062/Q3025/Q3081/Q3153.html,Q3153,Exterior of Mary Magdalene Church in Wrocław 01,,https://pub-8fba570827334e7b82883893c875a08c.r2.dev/photography/places/poland/wrocław/1024px-Exterior_of_Mary_Magdalene_Church_in_Wrocław_01.jpg,Q3153.html,Q3153,,photo-card,,
,Photograph,Q315/Q3062/Q3025/Q3081/Q3153.html,Q3153,Interior of the St. Mary Magdalene Church in Wrocław 03,,https://pub-8fba570827334e7b82883893c875a08c.r2.dev/photography/places/poland/wrocław/1024px-Interior_of_the_St._Mary_Magdalene_Church_in_Wrocław_03.jpg,Q3153.html,Q3153,,photo-card,,
,Photograph,Q315/Q3062/Q3025/Q3081/Q3153.html,Q3153,Interior of the St. Mary Magdalene Church in Wrocław 10,,https://pub-8fba570827334e7b82883893c875a08c.r2.dev/photography/places/poland/wrocław/1024px-Interior_of_the_St._Mary_Magdalene_Church_in_Wrocław_10.jpg,Q3153.html,Q3153,,photo-card,,
,Photograph,Q315/Q3062/Q3025/Q3082/Q3154.html,Q3154,Canal in Aveiro 19,,https://pub-8fba570827334e7b82883893c875a08c.r2.dev/photography/places/portugal/aveiro/1024px-Canal_in_Aveiro_19.jpg,Q3154.html,,,,Canal,
,Photograph,Q315/Q3062/Q3025/Q3082/Q3154.html,Q3154,"View of Aveiro, Portugal 05",,"https://pub-8fba570827334e7b82883893c875a08c.r2.dev/photography/places/portugal/aveiro/1024px-View_of_Aveiro,_Portugal_05.jpg",Q3154.html,,,,Trees,
,Photograph,Q315/Q3062/Q3025/Q3082/Q3154.html,Q3154,Canal in Aveiro 06,,https://pub-8fba570827334e7b82883893c875a08c.r2.dev/photography/places/portugal/aveiro/1024px-Canal_in_Aveiro_06.jpg,Q3154.html,,,,Moliceiro,
,Photograph,Q315/Q3062/Q3025/Q3082/Q3154.html,Q3154,Canal in Aveiro 12,,https://pub-8fba570827334e7b82883893c875a08c.r2.dev/photography/places/portugal/aveiro/1024px-Canal_in_Aveiro_12.jpg,Q3154.html,,,,Moliceiro,
,Photograph,Q315/Q3062/Q3025/Q3082/Q3154.html,Q3154,Bridge in Aveiro 05,,https://pub-8fba570827334e7b82883893c875a08c.r2.dev/photography/places/portugal/aveiro/1024px-Bridge_in_Aveiro_05.jpg,Q3154.html,,,,Bridge,
,Photograph,Q315/Q3062/Q3025/Q3082/Q3154.html,Q3154,Columns near Sé Catedral de Aveiro,,https://pub-8fba570827334e7b82883893c875a08c.r2.dev/photography/places/portugal/aveiro/1024px-Columns_near_Sé_Catedral_de_Aveiro.jpg,Q3154.html,,,,Columns,
,Photograph,Q315/Q3062/Q3025/Q3082/Q3155.html,Q3155,Main facade of Palácio do Raio 02 cropped,,https://pub-8fba570827334e7b82883893c875a08c.r2.dev/photography/places/portugal/braga/1024px-Main_facade_of_Palácio_do_Raio_02-cropped.jpg,Q3155.html,,,,Door,
,Photograph,Q315/Q3062/Q3025/Q3082/Q3155.html,Q3155,"Arco da Porta Nova, Braga 01",,"https://pub-8fba570827334e7b82883893c875a08c.r2.dev/photography/places/portugal/braga/1024px-Arco_da_Porta_Nova,_Braga_01.jpg",Q3155.html,,,,Arch,
,Photograph,Q315/Q3062/Q3025/Q3082/Q3155.html,Q3155,Stairs in Bom Jesus at Sunset 13,,https://pub-8fba570827334e7b82883893c875a08c.r2.dev/photography/places/portugal/braga/1024px-Stairs_in_Bom_Jesus_at_Sunset_13.jpg,Q3155.html,,,,Stairs,
,Photograph,Q315/Q3062/Q3025/Q3082/Q3155.html,Q3155,Stairs in Bom Jesus at Sunset 07,,https://pub-8fba570827334e7b82883893c875a08c.r2.dev/photography/places/portugal/braga/1024px-Stairs_in_Bom_Jesus_at_Sunset_07.jpg,Q3155.html,,,,Stairs,
,Photograph,Q315/Q3062/Q3025/Q3082/Q3155.html,Q3155,Sunset viewed at the Sanctuary of Bom Jesus do Monte 05,,https://pub-8fba570827334e7b82883893c875a08c.r2.dev/photography/places/portugal/braga/1024px-Sunset_viewed_at_the_Sanctuary_of_Bom_Jesus_do_Monte_05.jpg,Q3155.html,,,,Sunset,
,Photograph,Q315/Q3062/Q3025/Q3082/Q3155.html,Q3155,Cloister of Saint Amaro (Sé de Braga) 07,,https://pub-8fba570827334e7b82883893c875a08c.r2.dev/photography/places/portugal/braga/1024px-Cloister_of_Saint_Amaro_(Sé_de_Braga)_07.jpg,Q3155.html,,,,Cloister,
,Photograph,Q315/Q3062/Q3025/Q3082/Q3155.html,Q3155,Door of Church of Santa Cruz (Braga),,https://pub-8fba570827334e7b82883893c875a08c.r2.dev/photography/places/portugal/braga/1024px-Door_of_Church_of_Santa_Cruz_(Braga).jpg,Q3155.html,,,portrait,Door,
,Photograph,Q315/Q3062/Q3025/Q3082/Q3155.html,Q3155,Exterior of Sé de Braga 09,,https://pub-8fba570827334e7b82883893c875a08c.r2.dev/photography/places/portugal/braga/1024px-Exterior_of_Sé_de_Braga_09.jpg,Q3155.html,,,portrait,Door,
,Photograph,Q315/Q3062/Q3025/Q3082/Q3156.html,Q3156,"Igreja de Nossa Senhora da Consolação e Santos Passos, Guimarães, Portugal",,"https://pub-8fba570827334e7b82883893c875a08c.r2.dev/photography/places/portugal/guimarães/1024px-Igreja_de_Nossa_Senhora_da_Consolação_e_Santos_Passos,_Guimarães,_Portugal.jpg",Q3156.html,,,portrait,Nossa Senhora,
,Photograph,Q315/Q3062/Q3025/Q3082/Q3156.html,Q3156,"Door, Castelo de Guimaeres, Portugal",,"https://pub-8fba570827334e7b82883893c875a08c.r2.dev/photography/places/portugal/guimarães/1024px-Door,_Castelo_de_Guimaeres,_Portugal.jpg",Q3156.html,,,portrait,Castle Door,
,Photograph,Q315/Q3062/Q3025/Q3082/Q3156.html,Q3156,Interior of Igreja de Nossa Senhora da Oliveira 05,,https://pub-8fba570827334e7b82883893c875a08c.r2.dev/photography/places/portugal/guimarães/1024px-Interior_of_Igreja_de_Nossa_Senhora_da_Oliveira_05.jpg,Q3156.html,,,,Igreja Interior,
,Photograph,Q315/Q3062/Q3025/Q3082/Q3157.html,Q3157,Tiled floor in Porto,,https://pub-8fba570827334e7b82883893c875a08c.r2.dev/photography/places/portugal/porto/1024px-Tiled_floor_in_Porto.jpg,Q3157.html,,,,Azulejo Floor,
,Photograph,Q315/Q3062/Q3025/Q3082/Q3157.html,Q3157,"Capela de Santa Catarina, Porto",,"https://pub-8fba570827334e7b82883893c875a08c.r2.dev/photography/places/portugal/porto/1024px-Capela_de_Santa_Catarina,_Porto.jpg",Q3157.html,,,,Capela Santa Catarina,
,Photograph,Q315/Q3062/Q3025/Q3082/Q3157.html,Q3157,Façade of Capela de Santa Catarina,,https://pub-8fba570827334e7b82883893c875a08c.r2.dev/photography/places/portugal/porto/1024px-Façade_of_Capela_de_Santa_Catarina.jpg,Q3157.html,,,,Chapel Façade,
,Photograph,Q315/Q3062/Q3025/Q3082/Q3157.html,Q3157,"Tiled wall of Igrejas dos Carmelitas e do Carmo, Porto",,"https://pub-8fba570827334e7b82883893c875a08c.r2.dev/photography/places/portugal/porto/1024px-Tiled_wall_of_Igrejas_dos_Carmelitas_e_do_Carmo,_Porto.jpg",Q3157.html,,,,Carmelitas Tiles,
,Photograph,Q315/Q3062/Q3025/Q3082/Q3157.html,Q3157,"Sailboat, Porto",,"https://pub-8fba570827334e7b82883893c875a08c.r2.dev/photography/places/portugal/porto/1024px-Sailboat,_Porto.jpg",Q3157.html,,,,Douro Sailboat,
,Photograph,Q315/Q3062/Q3025/Q3082/Q3157.html,Q3157,"Pipe organ, Igrejas dos Carmelitas e do Carmo",,"https://pub-8fba570827334e7b82883893c875a08c.r2.dev/photography/places/portugal/porto/1024px-Pipe_organ,_Igrejas_dos_Carmelitas_e_do_Carmo.jpg",Q3157.html,,,portrait,Pipe Organ,
,Photograph,Q315/Q3062/Q3025/Q3083/Q3158.html,Q3158,Blue Church (Bratislava) 02,,https://pub-8fba570827334e7b82883893c875a08c.r2.dev/photography/places/slovakia/bratislava/1024px-Blue_Church_(Bratislava)_02.jpg,Q3158.html,,,,Blue Church,
,Photograph,Q315/Q3062/Q3025/Q3083/Q3158.html,Q3158,Blue Church (Bratislava) 06,,https://pub-8fba570827334e7b82883893c875a08c.r2.dev/photography/places/slovakia/bratislava/1024px-Blue_Church_(Bratislava)_06.jpg,Q3158.html,,,,Art Nouveau Detail,
,Photograph,Q315/Q3062/Q3025/Q3083/Q3158.html,Q3158,Blue Church (Bratislava) 04,,https://pub-8fba570827334e7b82883893c875a08c.r2.dev/photography/places/slovakia/bratislava/1024px-Blue_Church_(Bratislava)_04.jpg,Q3158.html,,,,Church Facade,
,Photograph,Q315/Q3062/Q3025/Q3083/Q3159.html,Q3159,Devín Castle near Bratislava,,https://pub-8fba570827334e7b82883893c875a08c.r2.dev/photography/places/slovakia/devín/1024px-Devín_Castle_near_Bratislava.jpg,Q3159.html,,,,Castle Ruins,
,Photograph,Q315/Q3062/Q3025/Q3084/Q3160.html,Q3160,"Da Ponte Fountain, Koper 07",,"https://pub-8fba570827334e7b82883893c875a08c.r2.dev/photography/places/slovenia/koper/1024px-Da_Ponte_Fountain,_Koper_07.jpg",Q3160.html,,,,Da Ponte Fountain,
,Photograph,Q315/Q3062/Q3025/Q3084/Q3160.html,Q3160,Street view in Koper 22,,https://pub-8fba570827334e7b82883893c875a08c.r2.dev/photography/places/slovenia/koper/1024px-Street_view_in_Koper_22.jpg,Q3160.html,,,,Old Town Streets,
,Photograph,Q315/Q3062/Q3025/Q3084/Q3160.html,Q3160,Street view in Koper 23,,https://pub-8fba570827334e7b82883893c875a08c.r2.dev/photography/places/slovenia/koper/1024px-Street_view_in_Koper_23.jpg,Q3160.html,,,,Venetian Heritage,
,Photograph,Q315/Q3062/Q3025/Q3084/Q3161.html,Q3161,Front facade of the University of Ljubljana Administration Building 02,,https://pub-8fba570827334e7b82883893c875a08c.r2.dev/photography/places/slovenia/ljubljana/1024px-Front_facade_of_the_University_of_Ljubljana_Administration_Building_02.jpg,Q3161.html,,,,University Building,
,Photograph,Q315/Q3062/Q3025/Q3085/Q3162.html,Q3162,"Granada   Alhambra, Generalife and Albayzín, Granada   20170721153837",,"https://pub-8fba570827334e7b82883893c875a08c.r2.dev/photography/places/spain/alhambra/1024px-Granada_-_Alhambra,_Generalife_and_Albayzín,_Granada_-_20170721153837.jpg",Q3162.html,Q3162,,photo-card,,
,Photograph,Q315/Q3062/Q3025/Q3085/Q3162.html,Q3162,Granada   Alhambra   20170721160736,,https://pub-8fba570827334e7b82883893c875a08c.r2.dev/photography/places/spain/alhambra/1024px-Granada_-_Alhambra_-_20170721160736.jpg,Q3162.html,Q3162,,photo-card,,
,Photograph,Q315/Q3062/Q3025/Q3085/Q3162.html,Q3162,"Granada   Alhambra, Generalife and Albayzín, Granada   20170721154400",,"https://pub-8fba570827334e7b82883893c875a08c.r2.dev/photography/places/spain/alhambra/1024px-Granada_-_Alhambra,_Generalife_and_Albayzín,_Granada_-_20170721154400.jpg",Q3162.html,Q3162,,photo-card,,
,Photograph,Q315/Q3062/Q3025/Q3085/Q3163.html,Q3163,Església de Sant Francesc de Sales (Barcelona) 02,,https://pub-8fba570827334e7b82883893c875a08c.r2.dev/photography/places/spain/barcelona/1024px-Església_de_Sant_Francesc_de_Sales_(Barcelona)_02.jpg,Q3163.html,Q3163,,photo-card,,
,Photograph,Q315/Q3062/Q3025/Q3085/Q3163.html,Q3163,"Drawing, Barcelona",,"https://pub-8fba570827334e7b82883893c875a08c.r2.dev/photography/places/spain/barcelona/1024px-Drawing,_Barcelona.jpg",Q3163.html,Q3163,,photo-card,,
,Photograph,Q315/Q3062/Q3025/Q3085/Q3164.html,Q3164,Street light in Bilbao,,https://pub-8fba570827334e7b82883893c875a08c.r2.dev/photography/places/spain/bilbao/1024px-Street_light_in_Bilbao.jpg,Q3164.html,Q3349,,photo-card,,
,Photograph,Q315/Q3062/Q3025/Q3085/Q3164.html,Q3164,Red flowers in Bilbao,,https://pub-8fba570827334e7b82883893c875a08c.r2.dev/photography/places/spain/bilbao/1024px-Red_flowers_in_Bilbao.jpg,Q3164.html,Q3293,,photo-card,,
,Photograph,Q315/Q3062/Q3025/Q3085/Q3164.html,Q3164,"Street light, Bilbao",,"https://pub-8fba570827334e7b82883893c875a08c.r2.dev/photography/places/spain/bilbao/1024px-Street_light,_Bilbao.jpg",Q3164.html,Q3349,,photo-card,,
,Photograph,Q315/Q3062/Q3025/Q3085/Q3164.html,Q3164,Statue of Giuseppe Verdi in Bilbao,,https://pub-8fba570827334e7b82883893c875a08c.r2.dev/photography/places/spain/bilbao/1024px-Statue_of_Giuseppe_Verdi_in_Bilbao.jpg,Q3164.html,Q3490,,photo-card portrait,,
,Photograph,Q315/Q3062/Q3025/Q3085/Q3165.html,Q3165,"Interior of Basilica of San Juan de Dios, Granada 01",,"https://pub-8fba570827334e7b82883893c875a08c.r2.dev/photography/places/spain/granada/1024px-Interior_of_Basilica_of_San_Juan_de_Dios,_Granada_01.jpg",Q3165.html,Q3023,,photo-card,,
,Photograph,Q315/Q3062/Q3025/Q3085/Q3165.html,Q3165,"Interior of Basilica of San Juan de Dios, Granada 04",,"https://pub-8fba570827334e7b82883893c875a08c.r2.dev/photography/places/spain/granada/1024px-Interior_of_Basilica_of_San_Juan_de_Dios,_Granada_04.jpg",Q3165.html,Q3023,,photo-card,,
,Photograph,Q315/Q3062/Q3025/Q3085/Q3165.html,Q3165,Street light in Granada 02,,https://pub-8fba570827334e7b82883893c875a08c.r2.dev/photography/places/spain/granada/1024px-Street_light_in_Granada_02.jpg,Q3165.html,Q3349,,photo-card,,
,Photograph,Q315/Q3062/Q3025/Q3085/Q3165.html,Q3165,"Basilica of San Juan de Dios, Granada 02",,"https://pub-8fba570827334e7b82883893c875a08c.r2.dev/photography/places/spain/granada/1024px-Basilica_of_San_Juan_de_Dios,_Granada_02.jpg",Q3165.html,Q3330,,photo-card,,
,Photograph,Q315/Q3062/Q3025/Q3085/Q3165.html,Q3165,Nave of the Cathedral of Granada 02,,https://pub-8fba570827334e7b82883893c875a08c.r2.dev/photography/places/spain/granada/1024px-Nave_of_the_Cathedral_of_Granada_02.jpg,Q3165.html,Q3342,,photo-card,,
,Photograph,Q315/Q3062/Q3025/Q3085/Q3165.html,Q3165,Facade details of Cathedral of Granada in Plaza de las Pasiegas 01,,https://pub-8fba570827334e7b82883893c875a08c.r2.dev/photography/places/spain/granada/1024px-Facade_details_of_Cathedral_of_Granada_in_Plaza_de_las_Pasiegas_01.jpg,Q3165.html,Q3520,,photo-card,,
,Photograph,Q315/Q3062/Q3025/Q3085/Q3165.html,Q3165,Ceiling of the Cathedral of Granada 02,,https://pub-8fba570827334e7b82883893c875a08c.r2.dev/photography/places/spain/granada/1024px-Ceiling_of_the_Cathedral_of_Granada_02.jpg,Q3165.html,Q3023,,photo-card portrait,,
,Photograph,Q315/Q3062/Q3025/Q3085/Q3166.html,Q3166,"Front view, Templo Expiatorio del Sagrado Corazón",,"https://pub-8fba570827334e7b82883893c875a08c.r2.dev/photography/places/spain/tibidabo/1024px-Front_view,_Templo_Expiatorio_del_Sagrado_Corazón.jpg",Q3166.html,Q3380,,photo-card,,
,Photograph,Q315/Q3062/Q3025/Q3085/Q3166.html,Q3166,Templo Expiatorio del Sagrado Corazón,,https://pub-8fba570827334e7b82883893c875a08c.r2.dev/photography/places/spain/tibidabo/1024px-Templo_Expiatorio_del_Sagrado_Corazón.jpg,Q3166.html,Q3380,,photo-card,,
,Photograph,Q315/Q3062/Q3025/Q3085/Q3166.html,Q3166,"Sculpture, Sagrat Cor del Tibidabo 06",,"https://pub-8fba570827334e7b82883893c875a08c.r2.dev/photography/places/spain/tibidabo/1024px-Sculpture,_Sagrat_Cor_del_Tibidabo_06.jpg",Q3166.html,Q3347,,photo-card,,
,Photograph,Q315/Q3062/Q3025/Q3085/Q3166.html,Q3166,"Altar, Templo Expiatorio del Sagrado Corazón",,"https://pub-8fba570827334e7b82883893c875a08c.r2.dev/photography/places/spain/tibidabo/1024px-Altar,_Templo_Expiatorio_del_Sagrado_Corazón.jpg",Q3166.html,Q3494,,photo-card,,
,Photograph,Q315/Q3062/Q3025/Q3085/Q3166.html,Q3166,"Inner view, Templo Expiatorio del Sagrado Corazón",,"https://pub-8fba570827334e7b82883893c875a08c.r2.dev/photography/places/spain/tibidabo/1024px-Inner_view,_Templo_Expiatorio_del_Sagrado_Corazón.jpg",Q3166.html,Q3494,,photo-card,,
,Photograph,Q315/Q3062/Q3025/Q3085/Q3166.html,Q3166,"Mary and Infant Jesus, Templo Expiatorio del Sagrado Corazón",,"https://pub-8fba570827334e7b82883893c875a08c.r2.dev/photography/places/spain/tibidabo/1024px-Mary_and_Infant_Jesus,_Templo_Expiatorio_del_Sagrado_Corazón.jpg",Q3166.html,Q3494,,photo-card,,
,Photograph,Q315/Q3062/Q3025/Q3086/Q3167.html,Q3167,Houses In Stockholm,,https://pub-8fba570827334e7b82883893c875a08c.r2.dev/photography/places/sweden/stockholm/1024px-Houses_In_Stockholm.jpg,Q3167.html,Q3167,,photo-card,,
,Photograph,Q315/Q3062/Q3025/Q3086/Q3167.html,Q3167,"Street light, Stockholm",,"https://pub-8fba570827334e7b82883893c875a08c.r2.dev/photography/places/sweden/stockholm/1024px-Street_light,_Stockholm.jpg",Q3167.html,Q3167,,photo-card,,
,Photograph,Q315/Q3062/Q3025/Q3086/Q3167.html,Q3167,"Chairs, Stockholm",,"https://pub-8fba570827334e7b82883893c875a08c.r2.dev/photography/places/sweden/stockholm/1024px-Chairs,_Stockholm.jpg",Q3167.html,Q3167,,photo-card,,
,Photograph,Q315/Q3062/Q3025/Q3087/Q3168.html,Q3168,"United Nations Headquarters, Geneva",,"https://pub-8fba570827334e7b82883893c875a08c.r2.dev/photography/places/switzerland/geneva/1024px-United_Nations_Headquarters,_Geneva.jpg",Q3168.html,,,,UN Headquarters,
,Photograph,Q315/Q3062/Q3025/Q3087/Q3168.html,Q3168,"Jet d'eau, Geneva",,"https://pub-8fba570827334e7b82883893c875a08c.r2.dev/photography/places/switzerland/geneva/1024px-Jet_d'eau,_Geneva.jpg",Q3168.html,,,,Jet d'Eau,
,Photograph,Q315/Q3062/Q3025/Q3087/Q3168.html,Q3168,"Green Clock, Geneva",,"https://pub-8fba570827334e7b82883893c875a08c.r2.dev/photography/places/switzerland/geneva/1024px-Green_Clock,_Geneva.jpg",Q3168.html,,,,Flower Clock,
,Photograph,Q315/Q3062/Q3025/Q3087/Q3168.html,Q3168,"Jet d'eau, Geneva, Switzerland",,"https://pub-8fba570827334e7b82883893c875a08c.r2.dev/photography/places/switzerland/geneva/1024px-Jet_d'eau,_Geneva,_Switzerland.jpg",Q3168.html,,,,Lake Geneva,
,Photograph,Q315/Q3062/Q3025/Q3087/Q3169.html,Q3169,View of Lake Lugano and Monte Brè 16,,https://pub-8fba570827334e7b82883893c875a08c.r2.dev/photography/places/switzerland/lugano/1024px-View_of_Lake_Lugano_and_Monte_Brè_16.jpg,Q3169.html,,,,Lake,
,Photograph,Q315/Q3062/Q3025/Q3087/Q3169.html,Q3169,View of Lake Lugano 01,,https://pub-8fba570827334e7b82883893c875a08c.r2.dev/photography/places/switzerland/lugano/1024px-View_of_Lake_Lugano_01.jpg,Q3169.html,,,,Lake,
,Photograph,Q315/Q3062/Q3025/Q3087/Q3169.html,Q3169,Bench in Lugano 04,,https://pub-8fba570827334e7b82883893c875a08c.r2.dev/photography/places/switzerland/lugano/1024px-Bench_in_Lugano_04.jpg,Q3169.html,,,,Bench,
,Photograph,Q315/Q3062/Q3025/Q3087/Q3169.html,Q3169,View of Lake Lugano,,https://pub-8fba570827334e7b82883893c875a08c.r2.dev/photography/places/switzerland/lugano/1024px-View_of_Lake_Lugano.jpg,Q3169.html,,,,Lake,
,Photograph,Q315/Q3062/Q3025/Q3087/Q3169.html,Q3169,View of Lake Lugano 05,,https://pub-8fba570827334e7b82883893c875a08c.r2.dev/photography/places/switzerland/lugano/1024px-View_of_Lake_Lugano_05.jpg,Q3169.html,,,,Lake,
,Photograph,Q315/Q3062/Q3025/Q3087/Q3169.html,Q3169,Interior of San Rocco (Lugano) 01,,https://pub-8fba570827334e7b82883893c875a08c.r2.dev/photography/places/switzerland/lugano/1024px-Interior_of_San_Rocco_(Lugano)_01.jpg,Q3169.html,,,,Church,
,Photograph,Q315/Q3062/Q3025/Q3087/Q3169.html,Q3169,Night view of Lugano 02,,https://pub-8fba570827334e7b82883893c875a08c.r2.dev/photography/places/switzerland/lugano/1024px-Night_view_of_Lugano_02.jpg,Q3169.html,,,,Night,
,Photograph,Q315/Q3062/Q3025/Q3087/Q3169.html,Q3169,Night view of Lugano 01,,https://pub-8fba570827334e7b82883893c875a08c.r2.dev/photography/places/switzerland/lugano/1024px-Night_view_of_Lugano_01.jpg,Q3169.html,,,,Night,
,Photograph,Q315/Q3062/Q3025/Q3087/Q3169.html,Q3169,View of Lake Lugano 07,,https://pub-8fba570827334e7b82883893c875a08c.r2.dev/photography/places/switzerland/lugano/1024px-View_of_Lake_Lugano_07.jpg,Q3169.html,,,,Lake,
,Photograph,Q315/Q3062/Q3025/Q3087/Q3169.html,Q3169,San Rocco (Lugano)   Interior,,https://pub-8fba570827334e7b82883893c875a08c.r2.dev/photography/places/switzerland/lugano/1024px-San_Rocco_(Lugano)_-_Interior.jpg,Q3169.html,,,,Church,
,Photograph,Q315/Q3062/Q3025/Q3087/Q3169.html,Q3169,Street light in Lugano 02,,https://pub-8fba570827334e7b82883893c875a08c.r2.dev/photography/places/switzerland/lugano/1024px-Street_light_in_Lugano_02.jpg,Q3169.html,,,,Street light,
,Photograph,Q315/Q3062/Q3025/Q3088/Q3170.html,Q3170,"Street light, Amsterdam",,"https://pub-8fba570827334e7b82883893c875a08c.r2.dev/photography/places/netherlands/amsterdam/1024px-Street_light,_Amsterdam.jpg",Q3170.html,,,,Street light,
,Photograph,Q315/Q3062/Q3025/Q3088/Q3170.html,Q3170,Amsterdam Pride 2023 09,,https://pub-8fba570827334e7b82883893c875a08c.r2.dev/photography/places/netherlands/amsterdam/1024px-Amsterdam_Pride_2023_09.jpg,Q3170.html,,,,Pride,
,Photograph,Q315/Q3062/Q3025/Q3088/Q3170.html,Q3170,Evening Amsterdam Central station,,https://pub-8fba570827334e7b82883893c875a08c.r2.dev/photography/places/netherlands/amsterdam/1024px-Evening-Amsterdam_Central_station.jpg,Q3170.html,,,,Central Station,
,Photograph,Q315/Q3062/Q3025/Q3088/Q3170.html,Q3170,Windmill in Amsterdam 2,,https://pub-8fba570827334e7b82883893c875a08c.r2.dev/photography/places/netherlands/amsterdam/1024px-Windmill_in_Amsterdam_2.jpg,Q3170.html,,,portrait,Windmill,
,Photograph,Q315/Q3062/Q3025/Q3088/Q3170.html,Q3170,Street light in Amsterdam,,https://pub-8fba570827334e7b82883893c875a08c.r2.dev/photography/places/netherlands/amsterdam/1024px-Street_light_in_Amsterdam.jpg,Q3170.html,,,portrait,Street Light,
,Photograph,Q315/Q3062/Q3025/Q3088/Q3170.html,Q3170,Amsterdam Pride 2024 02,,https://pub-8fba570827334e7b82883893c875a08c.r2.dev/photography/places/netherlands/amsterdam/1024px-Amsterdam_Pride_2024_02.jpg,Q3170.html,,,portrait,Pride 2024,
,Photograph,Q315/Q3062/Q3025/Q3088/Q3171.html,Q3171,Delft   Oude Kerk   20160815125033,,https://pub-8fba570827334e7b82883893c875a08c.r2.dev/photography/places/netherlands/delft/1024px-Delft_-_Oude_Kerk_-_20160815125033.jpg,Q3171.html,,,,Oude Kerk,
,Photograph,Q315/Q3062/Q3025/Q3088/Q3171.html,Q3171,Delft   Nieuwe Kerk   20160815131926,,https://pub-8fba570827334e7b82883893c875a08c.r2.dev/photography/places/netherlands/delft/1024px-Delft_-_Nieuwe_Kerk_-_20160815131926.jpg,Q3171.html,,,,Nieuwe Kerk,
,Photograph,Q315/Q3062/Q3025/Q3088/Q3171.html,Q3171,Delft   Nieuwe Kerk   20160815125457,,https://pub-8fba570827334e7b82883893c875a08c.r2.dev/photography/places/netherlands/delft/1024px-Delft_-_Nieuwe_Kerk_-_20160815125457.jpg,Q3171.html,,,portrait,Church Tower,
,Photograph,Q315/Q3062/Q3025/Q3088/Q3172.html,Q3172,Kinderdijk windmills 07,,https://pub-8fba570827334e7b82883893c875a08c.r2.dev/photography/places/netherlands/kinderdijk/1024px-Kinderdijk_windmills_07.jpg,Q3172.html,,,,Windmills,
,Photograph,Q315/Q3062/Q3025/Q3088/Q3172.html,Q3172,Flora of Kinderdijk 08,,https://pub-8fba570827334e7b82883893c875a08c.r2.dev/photography/places/netherlands/kinderdijk/1024px-Flora_of_Kinderdijk_08.jpg,Q3172.html,,,,Flora,
,Photograph,Q315/Q3062/Q3025/Q3088/Q3172.html,Q3172,Kinderdijk windmills 02,,https://pub-8fba570827334e7b82883893c875a08c.r2.dev/photography/places/netherlands/kinderdijk/1024px-Kinderdijk_windmills_02.jpg,Q3172.html,,,,Windmill,
,Photograph,Q315/Q3062/Q3025/Q3088/Q3172.html,Q3172,Flora of Kinderdijk 02,,https://pub-8fba570827334e7b82883893c875a08c.r2.dev/photography/places/netherlands/kinderdijk/1024px-Flora_of_Kinderdijk_02.jpg,Q3172.html,,,,Flora,
,Photograph,Q315/Q3062/Q3025/Q3088/Q3172.html,Q3172,Flora of Kinderdijk 03,,https://pub-8fba570827334e7b82883893c875a08c.r2.dev/photography/places/netherlands/kinderdijk/1024px-Flora_of_Kinderdijk_03.jpg,Q3172.html,,,,Flora,
,Photograph,Q315/Q3062/Q3025/Q3088/Q3173.html,Q3173,"Skyline, Rotterdam",,"https://pub-8fba570827334e7b82883893c875a08c.r2.dev/photography/places/netherlands/rotterdam/1024px-Skyline,_Rotterdam.jpg",Q3173.html,,,,Skyline,
,Photograph,Q315/Q3062/Q3025/Q3088/Q3173.html,Q3173,Rotterdam   Pilgrim Fathers Church   20160813174427,,https://pub-8fba570827334e7b82883893c875a08c.r2.dev/photography/places/netherlands/rotterdam/1024px-Rotterdam_-_Pilgrim_Fathers_Church_-_20160813174427.jpg,Q3173.html,,,,Church,
,Photograph,Q315/Q3062/Q3025/Q3088/Q3173.html,Q3173,Rotterdam   Pilgrim Fathers Church   20160813182815,,https://pub-8fba570827334e7b82883893c875a08c.r2.dev/photography/places/netherlands/rotterdam/1024px-Rotterdam_-_Pilgrim_Fathers_Church_-_20160813182815.jpg,Q3173.html,,,,Church,
,Photograph,Q315/Q3062/Q3025/Q3088/Q3174.html,Q3174,Exterior of the Mauritshuis 03,,https://pub-8fba570827334e7b82883893c875a08c.r2.dev/photography/places/netherlands/the-hague/1024px-Exterior_of_the_Mauritshuis_03.jpg,Q3174.html,,,,Mauritshuis,
,Photograph,Q315/Q3062/Q3025/Q3088/Q3174.html,Q3174,Tower of Grote of Sint Jacobskerk (The Hague) 03,,https://pub-8fba570827334e7b82883893c875a08c.r2.dev/photography/places/netherlands/the-hague/1024px-Tower_of_Grote_of_Sint-Jacobskerk_(The_Hague)_03.jpg,Q3174.html,,,,Tower,
,Photograph,Q315/Q3062/Q3025/Q3088/Q3174.html,Q3174,Exterior of the Mauritshuis 01,,https://pub-8fba570827334e7b82883893c875a08c.r2.dev/photography/places/netherlands/the-hague/1024px-Exterior_of_the_Mauritshuis_01.jpg,Q3174.html,,,,Mauritshuis,
,Photograph,Q315/Q3062/Q3025/Q3088/Q3174.html,Q3174,"Street light, Koekamp, The Hague 04",,"https://pub-8fba570827334e7b82883893c875a08c.r2.dev/photography/places/netherlands/the-hague/1024px-Street_light,_Koekamp,_The_Hague_04.jpg",Q3174.html,,,,Street light,
,Photograph,Q315/Q3062/Q3025/Q3088/Q3174.html,Q3174,"Koekamp, The Hague 03",,"https://pub-8fba570827334e7b82883893c875a08c.r2.dev/photography/places/netherlands/the-hague/1024px-Koekamp,_The_Hague_03.jpg",Q3174.html,,,,Herring gull,
,Photograph,Q315/Q3062/Q3025/Q3089/Q3175.html,Q3175,"Lights in front of Saint Peter's Basilica, Vatican",,"https://pub-8fba570827334e7b82883893c875a08c.r2.dev/photography/places/vatican-city/vatican-city/1024px-Lights_in_front_of_Saint_Peter's_Basilica,_Vatican.jpg",Q3175.html,,,,Basilica Lights,
,Photograph,Q315/Q3062/Q3025/Q3089/Q3175.html,Q3175,"Chairs in front of Saint Peter's Basilica, Vatican",,"https://pub-8fba570827334e7b82883893c875a08c.r2.dev/photography/places/vatican-city/vatican-city/1024px-Chairs_in_front_of_Saint_Peter's_Basilica,_Vatican.jpg",Q3175.html,,,,Basilica Square,
,Photograph,Q315/Q3062/Q3025/Q3089/Q3175.html,Q3175,Street light in the Vatican City 06,,https://pub-8fba570827334e7b82883893c875a08c.r2.dev/photography/places/vatican-city/vatican-city/1024px-Street_light_in_the_Vatican_City_06.jpg,Q3175.html,,,,Basilica Square,
,Photograph,Q315/Q3062/Q3025/Q3089/Q3175.html,Q3175,Vatican obelisk 08,,https://pub-8fba570827334e7b82883893c875a08c.r2.dev/photography/places/vatican-city/vatican-city/1024px-Vatican_obelisk_08.jpg,Q3175.html,,,,Obelisk,
,Photograph,Q315/Q3062/Q3025/Q3089/Q3175.html,Q3175,Street light in the Vatican City 03,,https://pub-8fba570827334e7b82883893c875a08c.r2.dev/photography/places/vatican-city/vatican-city/1024px-Street_light_in_the_Vatican_City_03.jpg,Q3175.html,,,,Pillars,
,Photograph,Q315/Q3062/Q3025/Q3089/Q3175.html,Q3175,"Altar of the Chair of Saint Peter, Vatican 03",,"https://pub-8fba570827334e7b82883893c875a08c.r2.dev/photography/places/vatican-city/vatican-city/1024px-Altar_of_the_Chair_of_Saint_Peter,_Vatican_03.jpg",Q3175.html,,,,"Altar of the Chair of
                                    Saint Peter",
,Photograph,Q315/Q3062/Q3025/Q3089/Q3175.html,Q3175,"Ceilings of Saint Peter's Basilica, Vatican 01",,"https://pub-8fba570827334e7b82883893c875a08c.r2.dev/photography/places/vatican-city/vatican-city/1024px-Ceilings_of_Saint_Peter's_Basilica,_Vatican_01.jpg",Q3175.html,,,,Ceilings of Saint Peter's Basilica,
,Photograph,Q315/Q3062/Q3025/Q3089/Q3175.html,Q3175,"Ceilings of Saint Peter's Basilica, Vatican 03",,"https://pub-8fba570827334e7b82883893c875a08c.r2.dev/photography/places/vatican-city/vatican-city/1024px-Ceilings_of_Saint_Peter's_Basilica,_Vatican_03.jpg",Q3175.html,,,,Ceilings of Saint Peter's Basilica,
,Photograph,Q315/Q3062/Q3025.html,,"Street light, Amsterdam",,"https://pub-8fba570827334e7b82883893c875a08c.r2.dev/photography/places/netherlands/amsterdam/1024px-Street_light,_Amsterdam.jpg",,,,city-card,,
,Photograph,Q315/Q3062/Q3025.html,,Mitte   Berlin Cathedral   20170803181059,,https://pub-8fba570827334e7b82883893c875a08c.r2.dev/photography/places/germany/berlin/1024px-Mitte_-_Berlin_Cathedral_-_20170803181059.jpg,,,,city-card,,
,Photograph,Q315/Q3062/Q3025.html,,"Doors, Basilica of the Sacred Heart, Brussels 02",,"https://pub-8fba570827334e7b82883893c875a08c.r2.dev/photography/places/belgium/brussels/1024px-Doors,_Basilica_of_the_Sacred_Heart,_Brussels_02.jpg",,,,city-card,,
,Photograph,Q315/Q3062/Q3025.html,,"Church of Holmen, Copenhagen",,"https://pub-8fba570827334e7b82883893c875a08c.r2.dev/photography/places/denmark/copenhagen/1024px-Church_of_Holmen,_Copenhagen.jpg",,,,city-card,,
,Photograph,Q315/Q3062/Q3025.html,,Uspenski Cathedral In Helsinki,,https://pub-8fba570827334e7b82883893c875a08c.r2.dev/photography/places/finland/helsinki/1024px-Uspenski_Cathedral_In_Helsinki.jpg,,,,city-card,,
,Photograph,Q315/Q3062/Q3025.html,,"Golden hour, Lyon 08",,"https://pub-8fba570827334e7b82883893c875a08c.r2.dev/photography/places/france/lyon/1024px-Golden_hour,_Lyon_08.jpg",,,,city-card,,
,Photograph,Q315/Q3062/Q3025.html,,"Skyline, Rotterdam",,"https://pub-8fba570827334e7b82883893c875a08c.r2.dev/photography/places/netherlands/rotterdam/1024px-Skyline,_Rotterdam.jpg",,,,city-card,,
,Photograph,Q315/Q3062/Q3025.html,,"Street light, Stockholm",,"https://pub-8fba570827334e7b82883893c875a08c.r2.dev/photography/places/sweden/stockholm/1024px-Street_light,_Stockholm.jpg",,,,city-card,,
,Photograph,Q315/Q3062/Q3025.html,,Pink building In Tallinn,,https://pub-8fba570827334e7b82883893c875a08c.r2.dev/photography/places/estonia/tallinn/1024px-Pink_building_In_Tallinn.jpg,,,,city-card,,
,Photograph,Q315/Q3062/Q3026/Q3067.html,Q3090,"Mumok, Vienna",,"https://pub-8fba570827334e7b82883893c875a08c.r2.dev/photography/places/austria/vienna/1024px-Mumok,_Vienna.jpg",../Q3025/Q3067/Q3090.html,,,,,
,Photograph,Q315/Q3062/Q3026/Q3067.html,Q3090,"Tiles view, Vienna Cathedral",,"https://pub-8fba570827334e7b82883893c875a08c.r2.dev/photography/places/austria/vienna/1024px-Tiles_view,_Vienna_Cathedral.jpg",../Q3025/Q3067/Q3090.html,,,,,
,Photograph,Q315/Q3062/Q3026/Q3067.html,Q3090,"Cathedral view, Vienna",,"https://pub-8fba570827334e7b82883893c875a08c.r2.dev/photography/places/austria/vienna/1024px-Cathedral_view,_Vienna.jpg",../Q3025/Q3067/Q3090.html,,,,,
,Photograph,Q315/Q3062/Q3026/Q3067.html,Q3090,Gutenberg Statue in Vienna,,https://pub-8fba570827334e7b82883893c875a08c.r2.dev/photography/places/austria/vienna/1024px-Gutenberg_Statue_in_Vienna.jpg,../Q3025/Q3067/Q3090.html,,,,,
,Photograph,Q315/Q3062/Q3026/Q3067.html,Q3090,"Karlskirche in afternoon, Vienna",,"https://pub-8fba570827334e7b82883893c875a08c.r2.dev/photography/places/austria/vienna/1024px-Karlskirche_in_afternoon,_Vienna.jpg",../Q3025/Q3067/Q3090.html,,,,,
,Photograph,Q315/Q3062/Q3026/Q3067.html,Q3090,"Ceiling, Jesuit Church, Vienna",,"https://pub-8fba570827334e7b82883893c875a08c.r2.dev/photography/places/austria/vienna/1024px-Ceiling,_Jesuit_Church,_Vienna.jpg",../Q3025/Q3067/Q3090.html,,,,,
,Photograph,Q315/Q3062/Q3026/Q3068.html,Q3091,Grote Market,,https://pub-8fba570827334e7b82883893c875a08c.r2.dev/photography/places/belgium/antwerp/1024px-Grote_Market.jpg,../Q3025/Q3068/Q3091.html,,,,,
,Photograph,Q315/Q3062/Q3026/Q3068.html,Q3091,Antwerp   Antwerp City Hall   20170603134600,,https://pub-8fba570827334e7b82883893c875a08c.r2.dev/photography/places/belgium/antwerp/1024px-Antwerp_-_Antwerp_City_Hall_-_20170603134600.jpg,../Q3025/Q3068/Q3091.html,,,,,
,Photograph,Q315/Q3062/Q3026/Q3068.html,Q3091,Street light in Antwerp 09,,https://pub-8fba570827334e7b82883893c875a08c.r2.dev/photography/places/belgium/antwerp/1024px-Street_light_in_Antwerp_09.jpg,../Q3025/Q3068/Q3091.html,,,,,
,Photograph,Q315/Q3062/Q3026/Q3068.html,Q3094,Oud Postkantoor (Gent),,https://pub-8fba570827334e7b82883893c875a08c.r2.dev/photography/places/belgium/ghent/1024px-Oud_Postkantoor_(Gent).jpg,../Q3025/Q3068/Q3094.html,,,,,
,Photograph,Q315/Q3062/Q3026/Q3068.html,Q3094,Exterior of Sint Niklaaskerk (Gent) 02,,https://pub-8fba570827334e7b82883893c875a08c.r2.dev/photography/places/belgium/ghent/1024px-Exterior_of_Sint-Niklaaskerk_(Gent)_02.jpg,../Q3025/Q3068/Q3094.html,,,,,
,Photograph,Q315/Q3062/Q3026/Q3068.html,Q3094,"Royal Dutch Theatre, Ghent 01",,"https://pub-8fba570827334e7b82883893c875a08c.r2.dev/photography/places/belgium/ghent/1024px-Royal_Dutch_Theatre,_Ghent_01.jpg",../Q3025/Q3068/Q3094.html,,,,,
,Photograph,Q315/Q3062/Q3026/Q3068.html,Q3095,Christmas lights in Liège,,https://pub-8fba570827334e7b82883893c875a08c.r2.dev/photography/places/belgium/liège/1024px-Christmas_lights_in_Liège.jpg,../Q3025/Q3068/Q3095.html,,,,,
,Photograph,Q315/Q3062/Q3026/Q3068.html,Q3095,Cloisters of cathédrale Saint Paul (Liège) 01,,https://pub-8fba570827334e7b82883893c875a08c.r2.dev/photography/places/belgium/liège/1024px-Cloisters_of_cathédrale_Saint-Paul_(Liège)_01.jpg,../Q3025/Q3068/Q3095.html,,,,,
,Photograph,Q315/Q3062/Q3026/Q3068.html,Q3095,Stained glass window of Cloisters of cathédrale Saint Paul (Liège),,https://pub-8fba570827334e7b82883893c875a08c.r2.dev/photography/places/belgium/liège/1024px-Stained_glass_window_of_Cloisters_of_cathédrale_Saint-Paul_(Liège).jpg,../Q3025/Q3068/Q3095.html,,,,,
,Photograph,Q315/Q3062/Q3026/Q3068.html,Q3092,Reflection of buildings in water,,https://pub-8fba570827334e7b82883893c875a08c.r2.dev/photography/places/belgium/bruges/1024px-Reflection_of_buildings_in_water.jpg,../Q3025/Q3068/Q3092.html,,,,,
,Photograph,Q315/Q3062/Q3026/Q3068.html,Q3092,"Doors and Statues, Bruges",,"https://pub-8fba570827334e7b82883893c875a08c.r2.dev/photography/places/belgium/bruges/1024px-Doors_and_Statues,_Bruges.jpg",../Q3025/Q3068/Q3092.html,,,,,
,Photograph,Q315/Q3062/Q3026/Q3068.html,Q3093,Porte de Halle,,https://pub-8fba570827334e7b82883893c875a08c.r2.dev/photography/places/belgium/brussels/1024px-Porte_de_Halle.jpg,../Q3025/Q3068/Q3093.html,,,portrait,,
,Photograph,Q315/Q3062/Q3026/Q3069.html,Q3096,"Rocks, Adršpašsko teplické skály",,"https://pub-8fba570827334e7b82883893c875a08c.r2.dev/photography/places/czech-republic/adršpach/1024px-Rocks,_Adršpašsko-teplické_skály.jpg",../Q3025/Q3069/Q3096.html,,,,Rock Formations,
,Photograph,Q315/Q3062/Q3026/Q3069.html,Q3096,Rocks in Adršpach Teplice,,https://pub-8fba570827334e7b82883893c875a08c.r2.dev/photography/places/czech-republic/adršpach/1024px-Rocks_in_Adršpach-Teplice.jpg,../Q3025/Q3069/Q3096.html,,,,Teplice Rocks,
,Photograph,Q315/Q3062/Q3026/Q3069.html,Q3097,"Náměstí Svobody, Brno",,"https://pub-8fba570827334e7b82883893c875a08c.r2.dev/photography/places/czech-republic/brno/1024px-Náměstí_Svobody,_Brno.jpg",../Q3025/Q3069/Q3097.html,,,,Square,
,Photograph,Q315/Q3062/Q3026/Q3069.html,Q3097,"Pillar of the Plague (Náměstí Svobody, Brno) 02",,"https://pub-8fba570827334e7b82883893c875a08c.r2.dev/photography/places/czech-republic/brno/1024px-Pillar_of_the_Plague_(Náměstí_Svobody,_Brno)_02.jpg",../Q3025/Q3069/Q3097.html,,,portrait,Pillar,
,Photograph,Q315/Q3062/Q3026/Q3069.html,Q3097,Church of Saint James (Brno),,https://pub-8fba570827334e7b82883893c875a08c.r2.dev/photography/places/czech-republic/brno/1024px-Church_of_Saint_James_(Brno).jpg,../Q3025/Q3069/Q3097.html,,,portrait,Church,
,Photograph,Q315/Q3062/Q3026/Q3069.html,Q3098,"Tančící dům, Prague 01",,"https://pub-8fba570827334e7b82883893c875a08c.r2.dev/photography/places/czech-republic/prague/1024px-Tančící_dům,_Prague_01.jpg",../Q3025/Q3069/Q3098.html,,,,Dancing House,
,Photograph,Q315/Q3062/Q3026/Q3069.html,Q3098,Architecture of Prague as Viewed at Sunset 11,,https://pub-8fba570827334e7b82883893c875a08c.r2.dev/photography/places/czech-republic/prague/1024px-Architecture_of_Prague_as_Viewed_at_Sunset_11.jpg,../Q3025/Q3069/Q3098.html,,,,Sunset Architecture,
,Photograph,Q315/Q3062/Q3026/Q3070.html,Q3099,View from Rundetårn in Copenhagen,,https://pub-8fba570827334e7b82883893c875a08c.r2.dev/photography/places/denmark/copenhagen/1024px-View_from_Rundetårn_in_Copenhagen.jpg,../Q3025/Q3070/Q3099.html,,,,Rundetårn View,
,Photograph,Q315/Q3062/Q3026/Q3070.html,Q3099,"Panoramic view, Copenhagen",,"https://pub-8fba570827334e7b82883893c875a08c.r2.dev/photography/places/denmark/copenhagen/1024px-Panoramic_view,_Copenhagen.jpg",../Q3025/Q3070/Q3099.html,,,,Panoramic View,
,Photograph,Q315/Q3062/Q3026/Q3070.html,Q3099,"Circle Bridge, Copenhagen",,"https://pub-8fba570827334e7b82883893c875a08c.r2.dev/photography/places/denmark/copenhagen/1024px-Circle_Bridge,_Copenhagen.jpg",../Q3025/Q3070/Q3099.html,,,,Circle Bridge,
,Photograph,Q315/Q3062/Q3026/Q3070.html,Q3099,"Bench, Copenhagen",,"https://pub-8fba570827334e7b82883893c875a08c.r2.dev/photography/places/denmark/copenhagen/1024px-Bench,_Copenhagen.jpg",../Q3025/Q3070/Q3099.html,,,,Waterfront Bench,
,Photograph,Q315/Q3062/Q3026/Q3070.html,Q3099,"Church of Holmen, Copenhagen",,"https://pub-8fba570827334e7b82883893c875a08c.r2.dev/photography/places/denmark/copenhagen/1024px-Church_of_Holmen,_Copenhagen.jpg",../Q3025/Q3070/Q3099.html,,,,Holmen Church,
,Photograph,Q315/Q3062/Q3026/Q3070.html,Q3099,"Church of our Saviour, Copenhagen at sunset",,"https://pub-8fba570827334e7b82883893c875a08c.r2.dev/photography/places/denmark/copenhagen/1024px-Church_of_our_Saviour,_Copenhagen_at_sunset.jpg",../Q3025/Q3070/Q3099.html,,,portrait,Saviour Church,
,Photograph,Q315/Q3062/Q3026/Q3070.html,Q3099,"Balconies, Copenhagen",,"https://pub-8fba570827334e7b82883893c875a08c.r2.dev/photography/places/denmark/copenhagen/1024px-Balconies,_Copenhagen.jpg",../Q3025/Q3070/Q3099.html,,,portrait,Modern Balconies,
,Photograph,Q315/Q3062/Q3026/Q3070.html,Q3099,"Vor Frelsers Kirke, Copenhagen",,"https://pub-8fba570827334e7b82883893c875a08c.r2.dev/photography/places/denmark/copenhagen/1024px-Vor_Frelsers_Kirke,_Copenhagen.jpg",../Q3025/Q3070/Q3099.html,,,portrait,Vor Frelsers Kirke,
,Photograph,Q315/Q3062/Q3026/Q3071.html,Q3100,"Windows in old Town, Tallinn",,"https://pub-8fba570827334e7b82883893c875a08c.r2.dev/photography/places/estonia/tallinn/1024px-Windows_in_old_Town,_Tallinn.jpg",../Q3025/Q3071/Q3100.html,,,,Old Town Windows,
,Photograph,Q315/Q3062/Q3026/Q3071.html,Q3100,"Tower in Tallinn, Estonia",,"https://pub-8fba570827334e7b82883893c875a08c.r2.dev/photography/places/estonia/tallinn/1024px-Tower_in_Tallinn,_Estonia.jpg",../Q3025/Q3071/Q3100.html,,,portrait,Medieval Tower,
,Photograph,Q315/Q3062/Q3026/Q3072.html,Q3101,View of Cathedral In Helsinki,,https://pub-8fba570827334e7b82883893c875a08c.r2.dev/photography/places/finland/helsinki/1024px-View_of_Cathedral_In_Helsinki.jpg,../Q3025/Q3072/Q3101.html,,,,Cathedral View,
,Photograph,Q315/Q3062/Q3026/Q3072.html,Q3101,Seagull and Helsinki Cathedral,,https://pub-8fba570827334e7b82883893c875a08c.r2.dev/photography/places/finland/helsinki/1024px-Seagull_and_Helsinki_Cathedral.jpg,../Q3025/Q3072/Q3101.html,,,,Seagull & Cathedral,
,Photograph,Q315/Q3062/Q3026/Q3072.html,Q3101,Stairs leading to Uspenski Cathedral In Helsinki,,https://pub-8fba570827334e7b82883893c875a08c.r2.dev/photography/places/finland/helsinki/1024px-Stairs_leading_to_Uspenski_Cathedral_In_Helsinki.jpg,../Q3025/Q3072/Q3101.html,,,,Uspenski Stairs,
,Photograph,Q315/Q3062/Q3026/Q3072.html,Q3101,Uspenski Cathedral In Helsinki,,https://pub-8fba570827334e7b82883893c875a08c.r2.dev/photography/places/finland/helsinki/1024px-Uspenski_Cathedral_In_Helsinki.jpg,../Q3025/Q3072/Q3101.html,,,,Uspenski Cathedral,
,Photograph,Q315/Q3062/Q3026/Q3072.html,Q3101,Kamppi chapel of silence in Helsinki,,https://pub-8fba570827334e7b82883893c875a08c.r2.dev/photography/places/finland/helsinki/1024px-Kamppi_chapel_of_silence_in_Helsinki.jpg,../Q3025/Q3072/Q3101.html,,,,Kamppi Chapel,
,Photograph,Q315/Q3062/Q3026/Q3072.html,Q3101,View of building In Helsinki,,https://pub-8fba570827334e7b82883893c875a08c.r2.dev/photography/places/finland/helsinki/1024px-View_of_building_In_Helsinki.jpg,../Q3025/Q3072/Q3101.html,,,,Building View,
,Photograph,Q315/Q3062/Q3026/Q3073.html,Q3102,Annecy   Palais de l'Isle   20150817161516,,https://pub-8fba570827334e7b82883893c875a08c.r2.dev/photography/places/france/annecy/1024px-Annecy_-_Palais_de_l'Isle_-_20150817161516.jpg,../Q3025/Q3073/Q3102.html,Q3102,,photo-card,,
,Photograph,Q315/Q3062/Q3026/Q3073.html,Q3103,Arch of Saint Trophime Cathedral,,https://pub-8fba570827334e7b82883893c875a08c.r2.dev/photography/places/france/arles/1024px-Arch_of_Saint-Trophime_Cathedral.jpg,../Q3025/Q3073/Q3103.html,Q3103,,photo-card,,
,Photograph,Q315/Q3062/Q3026/Q3073.html,Q3104,Église Saint Louis de Bordeaux 01,,https://pub-8fba570827334e7b82883893c875a08c.r2.dev/photography/places/france/bordeaux/1024px-Église_Saint-Louis_de_Bordeaux_01.jpg,../Q3025/Q3073/Q3104.html,Q3327,,photo-card,,
,Photograph,Q315/Q3062/Q3026/Q3073.html,Q3104,Porte Cailhau 03,,https://pub-8fba570827334e7b82883893c875a08c.r2.dev/photography/places/france/bordeaux/1024px-Porte_Cailhau_03.jpg,../Q3025/Q3073/Q3104.html,Q3328,,photo-card portrait,,
,Photograph,Q315/Q3062/Q3026/Q3073.html,Q3104,Interior of Église Saint Louis de Bordeaux 05,,https://pub-8fba570827334e7b82883893c875a08c.r2.dev/photography/places/france/bordeaux/1024px-Interior_of_Église_Saint-Louis_de_Bordeaux_05.jpg,../Q3025/Q3073/Q3104.html,Q3023,,photo-card,,
,Photograph,Q315/Q3062/Q3026/Q3073.html,Q3105,Exterior of Basilique Saint Nazaire de Carcassonne 04,,https://pub-8fba570827334e7b82883893c875a08c.r2.dev/photography/places/france/carcassonne/1024px-Exterior_of_Basilique_Saint-Nazaire_de_Carcassonne_04.jpg,../Q3025/Q3073/Q3105.html,Q3330,,photo-card,,
,Photograph,Q315/Q3062/Q3026/Q3073.html,Q3105,Street view in Carcassonne 15,,https://pub-8fba570827334e7b82883893c875a08c.r2.dev/photography/places/france/carcassonne/1024px-Street_view_in_Carcassonne_15.jpg,../Q3025/Q3073/Q3105.html,Q3331,,photo-card,,
,Photograph,Q315/Q3062/Q3026/Q3073.html,Q3105,Stained glass windows of the Basilique Saint Nazaire de Carcassonne 08,,https://pub-8fba570827334e7b82883893c875a08c.r2.dev/photography/places/france/carcassonne/1024px-Stained_glass_windows_of_the_Basilique_Saint-Nazaire_de_Carcassonne_08.jpg,../Q3025/Q3073/Q3105.html,Q3332,,photo-card portrait,,
,Photograph,Q315/Q3062/Q3026/Q3073.html,Q3106,Hôpital général de Clermont Ferrand 02,,https://pub-8fba570827334e7b82883893c875a08c.r2.dev/photography/places/france/clermont-ferrand/1024px-Hôpital_général_de_Clermont-Ferrand_02.jpg,../Q3025/Q3073/Q3106.html,Q3333,,photo-card portrait,,
,Photograph,Q315/Q3062/Q3026/Q3073.html,Q3106,"Notre Dame de Grâce, Clermont Ferrand 05",,"https://pub-8fba570827334e7b82883893c875a08c.r2.dev/photography/places/france/clermont-ferrand/1024px-Notre-Dame_de_Grâce,_Clermont-Ferrand_05.jpg",../Q3025/Q3073/Q3106.html,Q3334,,photo-card portrait,,
,Photograph,Q315/Q3062/Q3026/Q3073.html,Q3106,Snow in Montjuzet park 29,,https://pub-8fba570827334e7b82883893c875a08c.r2.dev/photography/places/france/clermont-ferrand/1024px-Snow_in_Montjuzet_park_29.jpg,../Q3025/Q3073/Q3106.html,Q3335,,photo-card portrait,,
,Photograph,Q315/Q3062/Q3026/Q3073.html,Q3107,"Altar, Collégiale Saint André (Grenoble) 01",,"https://pub-8fba570827334e7b82883893c875a08c.r2.dev/photography/places/france/grenoble/1024px-Altar,_Collégiale_Saint-André_(Grenoble)_01.jpg",../Q3025/Q3073/Q3107.html,Q3332,,photo-card,,
,Photograph,Q315/Q3062/Q3026/Q3073.html,Q3107,Interior of Cathédrale Notre Dame de Grenoble 02,,https://pub-8fba570827334e7b82883893c875a08c.r2.dev/photography/places/france/grenoble/1024px-Interior_of_Cathédrale_Notre-Dame_de_Grenoble_02.jpg,../Q3025/Q3073/Q3107.html,Q3334,,photo-card,,
,Photograph,Q315/Q3062/Q3026/Q3073.html,Q3107,Interior of Cathédrale Notre Dame de Grenoble 11,,https://pub-8fba570827334e7b82883893c875a08c.r2.dev/photography/places/france/grenoble/1024px-Interior_of_Cathédrale_Notre-Dame_de_Grenoble_11.jpg,../Q3025/Q3073/Q3107.html,Q3334,,photo-card,,
,Photograph,Q315/Q3062/Q3026/Q3073.html,Q3108,Issoire   Kostel svatého Austremona   20130621142057,,https://pub-8fba570827334e7b82883893c875a08c.r2.dev/photography/places/france/issoire/1024px-Issoire_-_Kostel_svatého_Austremona_-_20130621142057.jpg,../Q3025/Q3073/Q3108.html,Q3108,,photo-card,,
,Photograph,Q315/Q3062/Q3026/Q3073.html,Q3108,Issoire   Kostel svatého Austremona   20130621144506,,https://pub-8fba570827334e7b82883893c875a08c.r2.dev/photography/places/france/issoire/1024px-Issoire_-_Kostel_svatého_Austremona_-_20130621144506.jpg,../Q3025/Q3073/Q3108.html,Q3108,,photo-card,,
,Photograph,Q315/Q3062/Q3026/Q3073.html,Q3108,Issoire   Kostel svatého Austremona   20130621142521,,https://pub-8fba570827334e7b82883893c875a08c.r2.dev/photography/places/france/issoire/1024px-Issoire_-_Kostel_svatého_Austremona_-_20130621142521.jpg,../Q3025/Q3073/Q3108.html,Q3108,,photo-card portrait,,
,Photograph,Q315/Q3062/Q3026/Q3073.html,Q3109,"Trees, Auvergne",,"https://pub-8fba570827334e7b82883893c875a08c.r2.dev/photography/places/france/lempdes/1024px-Trees,_Auvergne.jpg",../Q3025/Q3073/Q3109.html,Q3336,,photo-card portrait,,
,Photograph,Q315/Q3062/Q3026/Q3073.html,Q3109,"Yellow leaves on Tree, Lempdes, Auvergne",,"https://pub-8fba570827334e7b82883893c875a08c.r2.dev/photography/places/france/lempdes/1024px-Yellow_leaves_on_Tree,_Lempdes,_Auvergne.jpg",../Q3025/Q3073/Q3109.html,Q3336,,photo-card portrait,,
,Photograph,Q315/Q3062/Q3026/Q3073.html,Q3109,"Tree, Auvergne",,"https://pub-8fba570827334e7b82883893c875a08c.r2.dev/photography/places/france/lempdes/1024px-Tree,_Auvergne.jpg",../Q3025/Q3073/Q3109.html,Q3336,,photo-card portrait,,
,Photograph,Q315/Q3062/Q3026/Q3073.html,Q3113,"Sunset, Le Grand Crohot 03",,"https://pub-8fba570827334e7b82883893c875a08c.r2.dev/photography/places/france/lège-cap-ferret/1024px-Sunset,_Le_Grand_Crohot_03.jpg",../Q3025/Q3073/Q3113.html,Q3263,,photo-card,,
,Photograph,Q315/Q3062/Q3026/Q3073.html,Q3113,"Sunset, Le Grand Crohot 06",,"https://pub-8fba570827334e7b82883893c875a08c.r2.dev/photography/places/france/lège-cap-ferret/1024px-Sunset,_Le_Grand_Crohot_06.jpg",../Q3025/Q3073/Q3113.html,Q3020,,photo-card,,
,Photograph,Q315/Q3062/Q3026/Q3073.html,Q3110,Église de Sainte Cécile de Loupian 12,,https://pub-8fba570827334e7b82883893c875a08c.r2.dev/photography/places/france/loupian/1024px-Église_de_Sainte_Cécile_de_Loupian_12.jpg,../Q3025/Q3073/Q3110.html,Q3110,,photo-card,,
,Photograph,Q315/Q3062/Q3026/Q3073.html,Q3111,Sanctuary of Our Lady of Lourdes 01,,https://pub-8fba570827334e7b82883893c875a08c.r2.dev/photography/places/france/lourdes/1024px-Sanctuary_of_Our_Lady_of_Lourdes_01.jpg,../Q3025/Q3073/Q3111.html,Q3339,,photo-card,,
,Photograph,Q315/Q3062/Q3026/Q3073.html,Q3111,Sanctuary of Our Lady of Lourdes 02,,https://pub-8fba570827334e7b82883893c875a08c.r2.dev/photography/places/france/lourdes/1024px-Sanctuary_of_Our_Lady_of_Lourdes_02.jpg,../Q3025/Q3073/Q3111.html,Q3339,,photo-card portrait,,
,Photograph,Q315/Q3062/Q3026/Q3073.html,Q3112,Panoramic view of Lyon 02,,https://pub-8fba570827334e7b82883893c875a08c.r2.dev/photography/places/france/lyon/1024px-Panoramic_view_of_Lyon_02.jpg,../Q3025/Q3073/Q3112.html,Q3340,,photo-card,,
,Photograph,Q315/Q3062/Q3026/Q3073.html,Q3112,Panoramic view of Lyon and trees,,https://pub-8fba570827334e7b82883893c875a08c.r2.dev/photography/places/france/lyon/1024px-Panoramic_view_of_Lyon_and_trees.jpg,../Q3025/Q3073/Q3112.html,Q3340,,photo-card,,
,Photograph,Q315/Q3062/Q3026/Q3073.html,Q3112,Golden Hour in Lyon 01,,https://pub-8fba570827334e7b82883893c875a08c.r2.dev/photography/places/france/lyon/1024px-Golden_Hour_in_Lyon_01.jpg,../Q3025/Q3073/Q3112.html,Q3341,,photo-card,,
,Photograph,Q315/Q3062/Q3026/Q3073.html,Q3114,"Arch, Cathédrale Sainte Marie Majeure",,"https://pub-8fba570827334e7b82883893c875a08c.r2.dev/photography/places/france/marseille/1024px-Arch,_Cathédrale_Sainte-Marie-Majeure.jpg",../Q3025/Q3073/Q3114.html,Q3114,,photo-card,,
,Photograph,Q315/Q3062/Q3026/Q3073.html,Q3115,Église Sainte Madeleine de l'Île de Martigues 01,,https://pub-8fba570827334e7b82883893c875a08c.r2.dev/photography/places/france/martigues/1024px-Église_Sainte-Madeleine-de-l'Île_de_Martigues_01.jpg,../Q3025/Q3073/Q3115.html,Q3327,,photo-card,,
,Photograph,Q315/Q3062/Q3026/Q3073.html,Q3115,Interior view of Église Sainte Madeleine de l'Île de Martigues 01,,https://pub-8fba570827334e7b82883893c875a08c.r2.dev/photography/places/france/martigues/1024px-Interior_view_of_Église_Sainte-Madeleine-de-l'Île_de_Martigues_01.jpg,../Q3025/Q3073/Q3115.html,Q3342,,photo-card portrait,,
,Photograph,Q315/Q3062/Q3026/Q3073.html,Q3116,Église Saint Pierre aux Liens (Moissat Bas) 08,,https://pub-8fba570827334e7b82883893c875a08c.r2.dev/photography/places/france/moissat/1024px-Église_Saint-Pierre-aux-Liens_(Moissat-Bas)_08.jpg,../Q3025/Q3073/Q3116.html,Q3327,,photo-card,,
,Photograph,Q315/Q3062/Q3026/Q3073.html,Q3116,Église Saint Pierre aux Liens (Moissat Bas) 07,,https://pub-8fba570827334e7b82883893c875a08c.r2.dev/photography/places/france/moissat/1024px-Église_Saint-Pierre-aux-Liens_(Moissat-Bas)_07.jpg,../Q3025/Q3073/Q3116.html,Q3327,,photo-card,,
,Photograph,Q315/Q3062/Q3026/Q3073.html,Q3117,Église Notre Dame de la Nativité de Mons at Sunset 03,,https://pub-8fba570827334e7b82883893c875a08c.r2.dev/photography/places/france/mons/1024px-Église_Notre-Dame-de-la-Nativité_de_Mons_at_Sunset_03.jpg,../Q3025/Q3073/Q3117.html,Q3327,,photo-card,,
,Photograph,Q315/Q3062/Q3026/Q3073.html,Q3117,Tree in Autumn in Mons at Sunset 01,,https://pub-8fba570827334e7b82883893c875a08c.r2.dev/photography/places/france/mons/1024px-Tree_in_Autumn_in_Mons_at_Sunset_01.jpg,../Q3025/Q3073/Q3117.html,Q3336,,photo-card,,
,Photograph,Q315/Q3062/Q3026/Q3073.html,Q3117,Autumn leaves in Mons 01,,https://pub-8fba570827334e7b82883893c875a08c.r2.dev/photography/places/france/mons/1024px-Autumn_leaves_in_Mons_01.jpg,../Q3025/Q3073/Q3117.html,Q3343,,photo-card,,
,Photograph,Q315/Q3062/Q3026/Q3073.html,Q3118,Remote view of Mont Saint Michel Abbey in the morning 05,,https://pub-8fba570827334e7b82883893c875a08c.r2.dev/photography/places/france/mont-saint-michel/1024px-Remote_view_of_Mont_Saint-Michel_Abbey_in_the_morning_05.jpg,../Q3025/Q3073/Q3118.html,Q3344,,photo-card,,
,Photograph,Q315/Q3062/Q3026/Q3073.html,Q3118,Mont Saint Michel at sunset time 05,,https://pub-8fba570827334e7b82883893c875a08c.r2.dev/photography/places/france/mont-saint-michel/1024px-Mont_Saint-Michel_at_sunset_time_05.jpg,../Q3025/Q3073/Q3118.html,Q3263,,photo-card,,
,Photograph,Q315/Q3062/Q3026/Q3073.html,Q3118,Bent tree near Mont Saint Michel 02,,https://pub-8fba570827334e7b82883893c875a08c.r2.dev/photography/places/france/mont-saint-michel/1024px-Bent_tree_near_Mont_Saint-Michel_02.jpg,../Q3025/Q3073/Q3118.html,Q3345,,photo-card portrait,,
,Photograph,Q315/Q3062/Q3026/Q3073.html,Q3119,Église Sainte Anne de Montpellier 02,,https://pub-8fba570827334e7b82883893c875a08c.r2.dev/photography/places/france/montpellier/1024px-Église_Sainte-Anne_de_Montpellier_02.jpg,../Q3025/Q3073/Q3119.html,Q3327,,photo-card,,
,Photograph,Q315/Q3062/Q3026/Q3073.html,Q3119,Château d'eau du Peyrou (Montpellier),,https://pub-8fba570827334e7b82883893c875a08c.r2.dev/photography/places/france/montpellier/1024px-Château_d'eau_du_Peyrou_(Montpellier).jpg,../Q3025/Q3073/Q3119.html,Q3346,,photo-card portrait,,
,Photograph,Q315/Q3062/Q3026/Q3073.html,Q3119,"Victoire de Samothrace, Montpellier 07",,"https://pub-8fba570827334e7b82883893c875a08c.r2.dev/photography/places/france/montpellier/1024px-Victoire_de_Samothrace,_Montpellier_07.jpg",../Q3025/Q3073/Q3119.html,Q3347,,photo-card portrait,,
,Photograph,Q315/Q3062/Q3026/Q3073.html,Q3120,Château des ducs de Bretagne (Nantes) 11,,https://pub-8fba570827334e7b82883893c875a08c.r2.dev/photography/places/france/nantes/1024px-Château_des_ducs_de_Bretagne_(Nantes)_11.jpg,../Q3025/Q3073/Q3120.html,Q3348,,photo-card,,
,Photograph,Q315/Q3062/Q3026/Q3073.html,Q3120,Street lights in Nantes 01,,https://pub-8fba570827334e7b82883893c875a08c.r2.dev/photography/places/france/nantes/1024px-Street_lights_in_Nantes_01.jpg,../Q3025/Q3073/Q3120.html,Q3349,,photo-card,,
,Photograph,Q315/Q3062/Q3026/Q3073.html,Q3120,Panoramics of Nantes 07,,https://pub-8fba570827334e7b82883893c875a08c.r2.dev/photography/places/france/nantes/1024px-Panoramics_of_Nantes_07.jpg,../Q3025/Q3073/Q3120.html,Q3297,,photo-card,,
,Photograph,Q315/Q3062/Q3026/Q3073.html,Q3121,Église Saint Sébastien de Narbonne 05,,https://pub-8fba570827334e7b82883893c875a08c.r2.dev/photography/places/france/narbonne/1024px-Église_Saint-Sébastien_de_Narbonne_05.jpg,../Q3025/Q3073/Q3121.html,Q3327,,photo-card,,
,Photograph,Q315/Q3062/Q3026/Q3073.html,Q3121,Basilique Saint Paul de Narbonne 14,,https://pub-8fba570827334e7b82883893c875a08c.r2.dev/photography/places/france/narbonne/1024px-Basilique_Saint-Paul_de_Narbonne_14.jpg,../Q3025/Q3073/Q3121.html,Q3350,,photo-card,,
,Photograph,Q315/Q3062/Q3026/Q3073.html,Q3122,Main hall of the Musée d'Orsay 01,,https://pub-8fba570827334e7b82883893c875a08c.r2.dev/photography/places/france/paris/1024px-Main_hall_of_the_Musée_d'Orsay_01.jpg,../Q3025/Q3073/Q3122.html,Q3351,,photo-card,,
,Photograph,Q315/Q3062/Q3026/Q3073.html,Q3122,Pulpit of Église Saint Merri 01,,https://pub-8fba570827334e7b82883893c875a08c.r2.dev/photography/places/france/paris/1024px-Pulpit_of_Église_Saint-Merri_01.jpg,../Q3025/Q3073/Q3122.html,Q3352,,photo-card,,
,Photograph,Q315/Q3062/Q3026/Q3073.html,Q3122,"Portal of église Saint Merri, Paris 01",,"https://pub-8fba570827334e7b82883893c875a08c.r2.dev/photography/places/france/paris/1024px-Portal_of_église_Saint-Merri,_Paris_01.jpg",../Q3025/Q3073/Q3122.html,Q3353,,photo-card,,
,Photograph,Q315/Q3062/Q3026/Q3073.html,Q3124,"Immeuble, 10 rue Saint Georges (Rennes) 05",,"https://pub-8fba570827334e7b82883893c875a08c.r2.dev/photography/places/france/rennes/1024px-Immeuble,_10_rue_Saint-Georges_(Rennes)_05.jpg",../Q3025/Q3073/Q3124.html,Q3331,,photo-card,,
,Photograph,Q315/Q3062/Q3026/Q3073.html,Q3124,"Hôtel de La Noue, Rennes 09",,"https://pub-8fba570827334e7b82883893c875a08c.r2.dev/photography/places/france/rennes/1024px-Hôtel_de_La_Noue,_Rennes_09.jpg",../Q3025/Q3073/Q3124.html,Q3354,,photo-card,,
,Photograph,Q315/Q3062/Q3026/Q3073.html,Q3123,"Façade with wood, Pérouges",,"https://pub-8fba570827334e7b82883893c875a08c.r2.dev/photography/places/france/pérouges/1024px-Façade_with_wood,_Pérouges.jpg",../Q3025/Q3073/Q3123.html,Q3355,,photo-card,,
,Photograph,Q315/Q3062/Q3026/Q3073.html,Q3125,Golden hour in Saint Malo 03,,https://pub-8fba570827334e7b82883893c875a08c.r2.dev/photography/places/france/saint-malo/1024px-Golden_hour_in_Saint-Malo_03.jpg,../Q3025/Q3073/Q3125.html,Q3341,,photo-card,,
,Photograph,Q315/Q3062/Q3026/Q3073.html,Q3125,"Sunset, Plage du Môle (Saint Malo) 02",,"https://pub-8fba570827334e7b82883893c875a08c.r2.dev/photography/places/france/saint-malo/1024px-Sunset,_Plage_du_Môle_(Saint-Malo)_02.jpg",../Q3025/Q3073/Q3125.html,Q3263,,photo-card,,
,Photograph,Q315/Q3062/Q3026/Q3073.html,Q3125,Vitraux de la cathédrale Saint Vincent de Saint Malo 02,,https://pub-8fba570827334e7b82883893c875a08c.r2.dev/photography/places/france/saint-malo/1024px-Vitraux_de_la_cathédrale_Saint-Vincent_de_Saint-Malo_02.jpg,../Q3025/Q3073/Q3125.html,Q3356,,photo-card,,
,Photograph,Q315/Q3062/Q3026/Q3073.html,Q3126,Aqueduc de Saint Nazaire en Royans 01,,https://pub-8fba570827334e7b82883893c875a08c.r2.dev/photography/places/france/saint-nazaire-en-royans/1024px-Aqueduc_de_Saint-Nazaire-en-Royans_01.jpg,../Q3025/Q3073/Q3126.html,Q3126,,photo-card,,
,Photograph,Q315/Q3062/Q3026/Q3073.html,Q3127,"Exterior of Saint Pierre le Jeune Protestant Church, Strasbourg 03",,"https://pub-8fba570827334e7b82883893c875a08c.r2.dev/photography/places/france/strasbourg/1024px-Exterior_of_Saint-Pierre-le-Jeune_Protestant_Church,_Strasbourg_03.jpg",../Q3025/Q3073/Q3127.html,Q3327,,photo-card,,
,Photograph,Q315/Q3062/Q3026/Q3073.html,Q3127,Tympanum of the central portal of the western facade of Notre Dame de Strasbourg 04,,https://pub-8fba570827334e7b82883893c875a08c.r2.dev/photography/places/france/strasbourg/1024px-Tympanum_of_the_central_portal_of_the_western_facade_of_Notre-Dame_de_Strasbourg_04.jpg,../Q3025/Q3073/Q3127.html,Q3334,,photo-card,,
,Photograph,Q315/Q3062/Q3026/Q3073.html,Q3127,"March of the Nations towards the Cross, Strasbourg 01",,"https://pub-8fba570827334e7b82883893c875a08c.r2.dev/photography/places/france/strasbourg/1024px-March_of_the_Nations_towards_the_Cross,_Strasbourg_01.jpg",../Q3025/Q3073/Q3127.html,Q3357,,photo-card,,
,Photograph,Q315/Q3062/Q3026/Q3073.html,Q3128,Eglise Saint Aubin (Toulouse) Arche 20171118,,https://pub-8fba570827334e7b82883893c875a08c.r2.dev/photography/places/france/toulouse/1024px-Eglise_Saint-Aubin_(Toulouse)_Arche_20171118.jpg,../Q3025/Q3073/Q3128.html,Q3128,,photo-card,,
,Photograph,Q315/Q3062/Q3026/Q3073.html,Q3129,Street light in Vaise,,https://pub-8fba570827334e7b82883893c875a08c.r2.dev/photography/places/france/vaise/1024px-Street_light_in_Vaise.jpg,../Q3025/Q3073/Q3129.html,Q3129,,photo-card portrait,,
,Photograph,Q315/Q3062/Q3026/Q3073.html,Q3130,"Sunset, Pic Saint Loup",,"https://pub-8fba570827334e7b82883893c875a08c.r2.dev/photography/places/france/valflaunès/1024px-Sunset,_Pic-Saint-Loup.jpg",../Q3025/Q3073/Q3130.html,Q3263,,photo-card,,
,Photograph,Q315/Q3062/Q3026/Q3073.html,Q3131,Château de Tournoël View,,https://pub-8fba570827334e7b82883893c875a08c.r2.dev/photography/places/france/volvic/1024px-Château_de_Tournoël_View.jpg,../Q3025/Q3073/Q3131.html,Q3131,,photo-card,,
,Photograph,Q315/Q3062/Q3026/Q3074.html,Q3132,Mitte   Berlin Cathedral   20170803181059,,https://pub-8fba570827334e7b82883893c875a08c.r2.dev/photography/places/germany/berlin/1024px-Mitte_-_Berlin_Cathedral_-_20170803181059.jpg,../Q3025/Q3074/Q3132.html,Q3132,,photo-card,,
,Photograph,Q315/Q3062/Q3026/Q3074.html,Q3133,Windows of Wartburg Castle,,https://pub-8fba570827334e7b82883893c875a08c.r2.dev/photography/places/germany/wartburg/1024px-Windows_of_Wartburg_Castle.jpg,../Q3025/Q3074/Q3133.html,Q3133,,photo-card,,
,Photograph,Q315/Q3062/Q3026/Q3075.html,Q3134,10th century icon in the Byzantine and Christian Museum (Athens) 01,,https://pub-8fba570827334e7b82883893c875a08c.r2.dev/photography/places/greece/athens/1024px-10th-century_icon_in_the_Byzantine_and_Christian_Museum_(Athens)_01.jpg,../Q3025/Q3075/Q3134.html,Q3134,,photo-card portrait,,
,Photograph,Q315/Q3062/Q3026/Q3075.html,Q3134,"Temple of Hephaestus, Athens 06",,"https://pub-8fba570827334e7b82883893c875a08c.r2.dev/photography/places/greece/athens/1024px-Temple_of_Hephaestus,_Athens_06.jpg",../Q3025/Q3075/Q3134.html,Q3134,,photo-card,,
,Photograph,Q315/Q3062/Q3026/Q3075.html,Q3134,"Church of Megali Panagia, Athens 10",,"https://pub-8fba570827334e7b82883893c875a08c.r2.dev/photography/places/greece/athens/1024px-Church_of_Megali_Panagia,_Athens_10.jpg",../Q3025/Q3075/Q3134.html,Q3134,,photo-card portrait,,
,Photograph,Q315/Q3062/Q3026/Q3075.html,Q3134,"National Garden, Athens 07",,"https://pub-8fba570827334e7b82883893c875a08c.r2.dev/photography/places/greece/athens/1024px-National_Garden,_Athens_07.jpg",../Q3025/Q3075/Q3134.html,Q3134,,photo-card,,
,Photograph,Q315/Q3062/Q3026/Q3075.html,Q3135,Heraklion   Agios Minas Cathedral   20140528133922,,https://pub-8fba570827334e7b82883893c875a08c.r2.dev/photography/places/greece/heraklion/1024px-Heraklion_-_Agios_Minas_Cathedral_-_20140528133922.jpg,../Q3025/Q3075/Q3135.html,Q3135,,photo-card portrait,,
,Photograph,Q315/Q3062/Q3026/Q3075.html,Q3135,"Νωπογραφία, Κνωσός",,"https://pub-8fba570827334e7b82883893c875a08c.r2.dev/photography/places/greece/heraklion/1024px-Νωπογραφία,_Κνωσός.jpg",../Q3025/Q3075/Q3135.html,Q3135,,photo-card,,
,Photograph,Q315/Q3062/Q3026/Q3075.html,Q3135,"Τείχος, Κνωσός",,"https://pub-8fba570827334e7b82883893c875a08c.r2.dev/photography/places/greece/heraklion/1024px-Τείχος,_Κνωσός.jpg",../Q3025/Q3075/Q3135.html,Q3135,,photo-card,,
,Photograph,Q315/Q3062/Q3026/Q3075.html,Q3136,Chapel of St. George Sarandaris 11,,https://pub-8fba570827334e7b82883893c875a08c.r2.dev/photography/places/greece/hersonissos/1024px-Chapel_of_St._George_Sarandaris_11.jpg,../Q3025/Q3075/Q3136.html,Q3360,,photo-card,,
,Photograph,Q315/Q3062/Q3026/Q3075.html,Q3136,Chapel of St. George Sarandaris 03,,https://pub-8fba570827334e7b82883893c875a08c.r2.dev/photography/places/greece/hersonissos/1024px-Chapel_of_St._George_Sarandaris_03.jpg,../Q3025/Q3075/Q3136.html,Q3360,,photo-card,,
,Photograph,Q315/Q3062/Q3026/Q3075.html,Q3136,Chapel of St. George Sarandaris 16,,https://pub-8fba570827334e7b82883893c875a08c.r2.dev/photography/places/greece/hersonissos/1024px-Chapel_of_St._George_Sarandaris_16.jpg,../Q3025/Q3075/Q3136.html,Q3361,,photo-card portrait,,
,Photograph,Q315/Q3062/Q3026/Q3076.html,Q3137,"Matthias Church at Night, Budapest",,"https://pub-8fba570827334e7b82883893c875a08c.r2.dev/photography/places/hungary/budapest/1024px-Matthias_Church_at_Night,_Budapest.jpg",../Q3025/Q3076/Q3137.html,Q3137,,photo-card portrait,,
,Photograph,Q315/Q3062/Q3026/Q3076.html,Q3137,"Fisherman's Bastion, Budapest 03",,"https://pub-8fba570827334e7b82883893c875a08c.r2.dev/photography/places/hungary/budapest/1024px-Fisherman's_Bastion,_Budapest_03.jpg",../Q3025/Q3076/Q3137.html,Q3137,,photo-card portrait,,
,Photograph,Q315/Q3062/Q3026/Q3076.html,Q3137,"Fisherman's Bastion, Budapest 02",,"https://pub-8fba570827334e7b82883893c875a08c.r2.dev/photography/places/hungary/budapest/1024px-Fisherman's_Bastion,_Budapest_02.jpg",../Q3025/Q3076/Q3137.html,Q3137,,photo-card,,
,Photograph,Q315/Q3062/Q3026/Q3076.html,Q3137,"Roof of Matthias Church, Budapest 03",,"https://pub-8fba570827334e7b82883893c875a08c.r2.dev/photography/places/hungary/budapest/1024px-Roof_of_Matthias_Church,_Budapest_03.jpg",../Q3025/Q3076/Q3137.html,Q3137,,photo-card portrait,,
,Photograph,Q315/Q3062/Q3026/Q3077.html,Q3138,Street lights in Bologna 03,,https://pub-8fba570827334e7b82883893c875a08c.r2.dev/photography/places/italy/bologna/1024px-Street_lights_in_Bologna_03.jpg,../Q3025/Q3077/Q3138.html,Q3138,,photo-card,,
,Photograph,Q315/Q3062/Q3026/Q3077.html,Q3138,Street lights in Bologna 02,,https://pub-8fba570827334e7b82883893c875a08c.r2.dev/photography/places/italy/bologna/1024px-Street_lights_in_Bologna_02.jpg,../Q3025/Q3077/Q3138.html,Q3138,,photo-card portrait,,
,Photograph,Q315/Q3062/Q3026/Q3077.html,Q3139,"Door, Florence",,"https://pub-8fba570827334e7b82883893c875a08c.r2.dev/photography/places/italy/florence/1024px-Door,_Florence.jpg",../Q3025/Q3077/Q3139.html,Q3139,,photo-card,,
,Photograph,Q315/Q3062/Q3026/Q3077.html,Q3140,Building in Genoa 01,,https://pub-8fba570827334e7b82883893c875a08c.r2.dev/photography/places/italy/genoa/1024px-Building_in_Genoa_01.jpg,../Q3025/Q3077/Q3140.html,Q3140,,photo-card,,
,Photograph,Q315/Q3062/Q3026/Q3077.html,Q3141,Santa Giustina (Padua)   Exterior view 09,,https://pub-8fba570827334e7b82883893c875a08c.r2.dev/photography/places/italy/padua/1024px-Santa_Giustina_(Padua)_-_Exterior_view_09.jpg,../Q3025/Q3077/Q3141.html,Q3344,,photo-card,,
,Photograph,Q315/Q3062/Q3026/Q3077.html,Q3141,Prato della Valle   Bridges 01,,https://pub-8fba570827334e7b82883893c875a08c.r2.dev/photography/places/italy/padua/1024px-Prato_della_Valle_-_Bridges_01.jpg,../Q3025/Q3077/Q3141.html,Q3022,,photo-card,,
,Photograph,Q315/Q3062/Q3026/Q3077.html,Q3141,Santa Giustina (Padua)   Exterior view 03,,https://pub-8fba570827334e7b82883893c875a08c.r2.dev/photography/places/italy/padua/1024px-Santa_Giustina_(Padua)_-_Exterior_view_03.jpg,../Q3025/Q3077/Q3141.html,Q3365,,photo-card portrait,,
,Photograph,Q315/Q3062/Q3026/Q3077.html,Q3142,Pisa   Pisa Cathedral   20161008124001,,https://pub-8fba570827334e7b82883893c875a08c.r2.dev/photography/places/italy/pisa/1024px-Pisa_-_Pisa_Cathedral_-_20161008124001.jpg,../Q3025/Q3077/Q3142.html,Q3142,,photo-card,,
,Photograph,Q315/Q3062/Q3026/Q3077.html,Q3142,Pisa   Baptistry San Giovanni   20161008125221,,https://pub-8fba570827334e7b82883893c875a08c.r2.dev/photography/places/italy/pisa/1024px-Pisa_-_Baptistry_San_Giovanni_-_20161008125221.jpg,../Q3025/Q3077/Q3142.html,Q3142,,photo-card,,
,Photograph,Q315/Q3062/Q3026/Q3077.html,Q3142,Pisa   Pisa Cathedral   20161008125143,,https://pub-8fba570827334e7b82883893c875a08c.r2.dev/photography/places/italy/pisa/1024px-Pisa_-_Pisa_Cathedral_-_20161008125143.jpg,../Q3025/Q3077/Q3142.html,Q3142,,photo-card,,
,Photograph,Q315/Q3062/Q3026/Q3077.html,Q3142,Pisa   Leaning Tower of Pisa   20161008124849,,https://pub-8fba570827334e7b82883893c875a08c.r2.dev/photography/places/italy/pisa/1024px-Pisa_-_Leaning_Tower_of_Pisa_-_20161008124849.jpg,../Q3025/Q3077/Q3142.html,Q3142,,photo-card portrait,,
,Photograph,Q315/Q3062/Q3026/Q3077.html,Q3143,Arch in Turin,,https://pub-8fba570827334e7b82883893c875a08c.r2.dev/photography/places/italy/turin/1024px-Arch_in_Turin.jpg,../Q3025/Q3077/Q3143.html,Q3143,,photo-card,,
,Photograph,Q315/Q3062/Q3026/Q3077.html,Q3143,Street light in Turin,,https://pub-8fba570827334e7b82883893c875a08c.r2.dev/photography/places/italy/turin/1024px-Street_light_in_Turin.jpg,../Q3025/Q3077/Q3143.html,Q3143,,photo-card,,
,Photograph,Q315/Q3062/Q3026/Q3077.html,Q3143,Arches in Turin,,https://pub-8fba570827334e7b82883893c875a08c.r2.dev/photography/places/italy/turin/1024px-Arches_in_Turin.jpg,../Q3025/Q3077/Q3143.html,Q3143,,photo-card,,
,Photograph,Q315/Q3062/Q3026/Q3077.html,Q3144,Gondolas in Venice,,https://pub-8fba570827334e7b82883893c875a08c.r2.dev/photography/places/italy/venice/1024px-Gondolas_in_Venice.jpg,../Q3025/Q3077/Q3144.html,Q3366,,photo-card,,
,Photograph,Q315/Q3062/Q3026/Q3077.html,Q3144,"Sunset and Sea, Venice",,"https://pub-8fba570827334e7b82883893c875a08c.r2.dev/photography/places/italy/venice/1024px-Sunset_and_Sea,_Venice.jpg",../Q3025/Q3077/Q3144.html,Q3263,,photo-card,,
,Photograph,Q315/Q3062/Q3026/Q3077.html,Q3144,"Church in evening, Venice",,"https://pub-8fba570827334e7b82883893c875a08c.r2.dev/photography/places/italy/venice/1024px-Church_in_evening,_Venice.jpg",../Q3025/Q3077/Q3144.html,Q3327,,photo-card,,
,Photograph,Q315/Q3062/Q3026/Q3077.html,Q3144,"Evening sky, Venice",,"https://pub-8fba570827334e7b82883893c875a08c.r2.dev/photography/places/italy/venice/1024px-Evening_sky,_Venice.jpg",../Q3025/Q3077/Q3144.html,Q3367,,photo-card,,
,Photograph,Q315/Q3062/Q3026/Q3077.html,Q3144,"Gondolas, Venice",,"https://pub-8fba570827334e7b82883893c875a08c.r2.dev/photography/places/italy/venice/1024px-Gondolas,_Venice.jpg",../Q3025/Q3077/Q3144.html,Q3366,,photo-card,,
,Photograph,Q315/Q3062/Q3026/Q3078.html,Q3145,Bridge on Daugava River,,https://pub-8fba570827334e7b82883893c875a08c.r2.dev/photography/places/latvia/riga/1024px-Bridge_on_Daugava_River.jpg,../Q3025/Q3078/Q3145.html,,,,Daugava Bridge,
,Photograph,Q315/Q3062/Q3026/Q3078.html,Q3145,View of orthodox church In Riga,,https://pub-8fba570827334e7b82883893c875a08c.r2.dev/photography/places/latvia/riga/1024px-View_of_orthodox_church_In_Riga.jpg,../Q3025/Q3078/Q3145.html,,,,Orthodox Church,
,Photograph,Q315/Q3062/Q3026/Q3078.html,Q3145,"Street light and Church, Riga",,"https://pub-8fba570827334e7b82883893c875a08c.r2.dev/photography/places/latvia/riga/1024px-Street_light_and_Church,_Riga.jpg",../Q3025/Q3078/Q3145.html,,,,Street Light,
,Photograph,Q315/Q3062/Q3026/Q3078.html,Q3145,Evening In Riga,,https://pub-8fba570827334e7b82883893c875a08c.r2.dev/photography/places/latvia/riga/1024px-Evening_In_Riga.jpg,../Q3025/Q3078/Q3145.html,,,,Evening Glow,
,Photograph,Q315/Q3062/Q3026/Q3078.html,Q3145,Entry to a building In Riga,,https://pub-8fba570827334e7b82883893c875a08c.r2.dev/photography/places/latvia/riga/1024px-Entry_to_a_building_In_Riga.jpg,../Q3025/Q3078/Q3145.html,,,,Building Entry,
,Photograph,Q315/Q3062/Q3026/Q3078.html,Q3145,View of Windows in Riga,,https://pub-8fba570827334e7b82883893c875a08c.r2.dev/photography/places/latvia/riga/1024px-View_of_Windows_in_Riga.jpg,../Q3025/Q3078/Q3145.html,,,,Historic Windows,
,Photograph,Q315/Q3062/Q3026/Q3079.html,Q3146,"Windows in Vilnius, Lithuania",,"https://pub-8fba570827334e7b82883893c875a08c.r2.dev/photography/places/lithuania/vilnius/1024px-Windows_in_Vilnius,_Lithuania.jpg",../Q3025/Q3079/Q3146.html,,,,Historic Windows,
,Photograph,Q315/Q3062/Q3026/Q3079.html,Q3146,"Cathedral, Vilnius",,"https://pub-8fba570827334e7b82883893c875a08c.r2.dev/photography/places/lithuania/vilnius/1024px-Cathedral,_Vilnius.jpg",../Q3025/Q3079/Q3146.html,,,,Grand Cathedral,
,Photograph,Q315/Q3062/Q3026/Q3079.html,Q3146,Skyline In Vilnius,,https://pub-8fba570827334e7b82883893c875a08c.r2.dev/photography/places/lithuania/vilnius/1024px-Skyline_In_Vilnius.jpg,../Q3025/Q3079/Q3146.html,,,,City Skyline,
,Photograph,Q315/Q3062/Q3026/Q3079.html,Q3146,"Building, Vilnius",,"https://pub-8fba570827334e7b82883893c875a08c.r2.dev/photography/places/lithuania/vilnius/1024px-Building,_Vilnius.jpg",../Q3025/Q3079/Q3146.html,,,,Historic Building,
,Photograph,Q315/Q3062/Q3026/Q3079.html,Q3146,"Church view, Vilnius",,"https://pub-8fba570827334e7b82883893c875a08c.r2.dev/photography/places/lithuania/vilnius/1024px-Church_view,_Vilnius.jpg",../Q3025/Q3079/Q3146.html,,,,Church View,
,Photograph,Q315/Q3062/Q3026/Q3079.html,Q3146,Church dome In Vilnius,,https://pub-8fba570827334e7b82883893c875a08c.r2.dev/photography/places/lithuania/vilnius/1024px-Church_dome_In_Vilnius.jpg,../Q3025/Q3079/Q3146.html,,,,Baroque Dome,
,Photograph,Q315/Q3062/Q3026/Q3079.html,Q3146,"Church of St Casimir, Vilnius",,"https://pub-8fba570827334e7b82883893c875a08c.r2.dev/photography/places/lithuania/vilnius/1024px-Church_of_St_Casimir,_Vilnius.jpg",../Q3025/Q3079/Q3146.html,,,,St. Casimir,
,Photograph,Q315/Q3062/Q3026/Q3080.html,Q3147,Flowers of Luxembourg 05,,https://pub-8fba570827334e7b82883893c875a08c.r2.dev/photography/places/luxembourg/luxembourg-city/1024px-Flowers_of_Luxembourg_05.jpg,../Q3025/Q3080/Q3147.html,,,,Garden Blooms,
,Photograph,Q315/Q3062/Q3026/Q3080.html,Q3147,Lonely bench in Luxembourg,,https://pub-8fba570827334e7b82883893c875a08c.r2.dev/photography/places/luxembourg/luxembourg-city/1024px-Lonely_bench_in_Luxembourg.jpg,../Q3025/Q3080/Q3147.html,,,,Quiet Corner,
,Photograph,Q315/Q3062/Q3026/Q3080.html,Q3147,Street light in Luxembourg 03,,https://pub-8fba570827334e7b82883893c875a08c.r2.dev/photography/places/luxembourg/luxembourg-city/1024px-Street_light_in_Luxembourg_03.jpg,../Q3025/Q3080/Q3147.html,,,portrait,Street Light,
,Photograph,Q315/Q3062/Q3026/Q3080.html,Q3148,Vianden castle 05,,https://pub-8fba570827334e7b82883893c875a08c.r2.dev/photography/places/luxembourg/vianden/1024px-Vianden_castle_05.jpg,../Q3025/Q3080/Q3148.html,,,,Castle Majesty,
,Photograph,Q315/Q3062/Q3026/Q3080.html,Q3148,Chapel in Vianden Castle,,https://pub-8fba570827334e7b82883893c875a08c.r2.dev/photography/places/luxembourg/vianden/1024px-Chapel_in_Vianden_Castle.jpg,../Q3025/Q3080/Q3148.html,,,,Castle Chapel,
,Photograph,Q315/Q3062/Q3026/Q3081.html,Q3149,Houses in the Main Town of Gdansk on Motława river,,https://pub-8fba570827334e7b82883893c875a08c.r2.dev/photography/places/poland/gdansk/1024px-Houses_in_the_Main_Town_of_Gdansk_on_Motława_river.jpg,../Q3025/Q3081/Q3149.html,Q3149,,photo-card,,
,Photograph,Q315/Q3062/Q3026/Q3081.html,Q3150,"Reflection of building of Polish National Radio Symphony Orchestra, Katowice 01",,"https://pub-8fba570827334e7b82883893c875a08c.r2.dev/photography/places/poland/katowice/1024px-Reflection_of_building_of_Polish_National_Radio_Symphony_Orchestra,_Katowice_01.jpg",../Q3025/Q3081/Q3150.html,Q3309,,photo-card,,
,Photograph,Q315/Q3062/Q3026/Q3081.html,Q3150,33 Mariacka Street in Katowice,,https://pub-8fba570827334e7b82883893c875a08c.r2.dev/photography/places/poland/katowice/1024px-33_Mariacka_Street_in_Katowice.jpg,../Q3025/Q3081/Q3150.html,Q3331,,photo-card,,
,Photograph,Q315/Q3062/Q3026/Q3081.html,Q3150,Exterior view of Immaculate Conception church in Katowice 06,,https://pub-8fba570827334e7b82883893c875a08c.r2.dev/photography/places/poland/katowice/1024px-Exterior_view_of_Immaculate_Conception_church_in_Katowice_06.jpg,../Q3025/Q3081/Q3150.html,Q3327,,photo-card portrait,,
,Photograph,Q315/Q3062/Q3026/Q3081.html,Q3151,View of Nowy Sącz 02,,https://pub-8fba570827334e7b82883893c875a08c.r2.dev/photography/places/poland/nowy-sącz/1024px-View_of_Nowy_Sącz_02.jpg,../Q3025/Q3081/Q3151.html,Q3151,,photo-card,,
,Photograph,Q315/Q3062/Q3026/Q3081.html,Q3151,View of Nowy Sącz 11,,https://pub-8fba570827334e7b82883893c875a08c.r2.dev/photography/places/poland/nowy-sącz/1024px-View_of_Nowy_Sącz_11.jpg,../Q3025/Q3081/Q3151.html,Q3151,,photo-card,,
,Photograph,Q315/Q3062/Q3026/Q3081.html,Q3152,View of John Paul II Altar in Stary Sącz 06,,https://pub-8fba570827334e7b82883893c875a08c.r2.dev/photography/places/poland/stary-sącz/1024px-View_of_John_Paul_II_Altar_in_Stary_Sącz_06.jpg,../Q3025/Q3081/Q3152.html,Q3332,,photo-card,,
,Photograph,Q315/Q3062/Q3026/Q3081.html,Q3152,View of John Paul II Altar in Stary Sącz 02,,https://pub-8fba570827334e7b82883893c875a08c.r2.dev/photography/places/poland/stary-sącz/1024px-View_of_John_Paul_II_Altar_in_Stary_Sącz_02.jpg,../Q3025/Q3081/Q3152.html,Q3332,,photo-card,,
,Photograph,Q315/Q3062/Q3026/Q3081.html,Q3152,Stary Sącz train station 01,,https://pub-8fba570827334e7b82883893c875a08c.r2.dev/photography/places/poland/stary-sącz/1024px-Stary_Sącz_train_station_01.jpg,../Q3025/Q3081/Q3152.html,Q3047,,photo-card,,
,Photograph,Q315/Q3062/Q3026/Q3081.html,Q3153,Exterior of Mary Magdalene Church in Wrocław 01,,https://pub-8fba570827334e7b82883893c875a08c.r2.dev/photography/places/poland/wrocław/1024px-Exterior_of_Mary_Magdalene_Church_in_Wrocław_01.jpg,../Q3025/Q3081/Q3153.html,Q3153,,photo-card,,
,Photograph,Q315/Q3062/Q3026/Q3081.html,Q3153,Interior of the St. Mary Magdalene Church in Wrocław 03,,https://pub-8fba570827334e7b82883893c875a08c.r2.dev/photography/places/poland/wrocław/1024px-Interior_of_the_St._Mary_Magdalene_Church_in_Wrocław_03.jpg,../Q3025/Q3081/Q3153.html,Q3153,,photo-card,,
,Photograph,Q315/Q3062/Q3026/Q3081.html,Q3153,Interior of the St. Mary Magdalene Church in Wrocław 10,,https://pub-8fba570827334e7b82883893c875a08c.r2.dev/photography/places/poland/wrocław/1024px-Interior_of_the_St._Mary_Magdalene_Church_in_Wrocław_10.jpg,../Q3025/Q3081/Q3153.html,Q3153,,photo-card,,
,Photograph,Q315/Q3062/Q3026/Q3082.html,Q3154,Canal in Aveiro 19,,https://pub-8fba570827334e7b82883893c875a08c.r2.dev/photography/places/portugal/aveiro/1024px-Canal_in_Aveiro_19.jpg,../Q3025/Q3082/Q3154.html,,,,Canal,
,Photograph,Q315/Q3062/Q3026/Q3082.html,Q3154,"View of Aveiro, Portugal 05",,"https://pub-8fba570827334e7b82883893c875a08c.r2.dev/photography/places/portugal/aveiro/1024px-View_of_Aveiro,_Portugal_05.jpg",../Q3025/Q3082/Q3154.html,,,,Trees,
,Photograph,Q315/Q3062/Q3026/Q3082.html,Q3154,Canal in Aveiro 06,,https://pub-8fba570827334e7b82883893c875a08c.r2.dev/photography/places/portugal/aveiro/1024px-Canal_in_Aveiro_06.jpg,../Q3025/Q3082/Q3154.html,,,,Moliceiro,
,Photograph,Q315/Q3062/Q3026/Q3082.html,Q3155,Main facade of Palácio do Raio 02 cropped,,https://pub-8fba570827334e7b82883893c875a08c.r2.dev/photography/places/portugal/braga/1024px-Main_facade_of_Palácio_do_Raio_02-cropped.jpg,../Q3025/Q3082/Q3155.html,,,,Door,
,Photograph,Q315/Q3062/Q3026/Q3082.html,Q3155,"Arco da Porta Nova, Braga 01",,"https://pub-8fba570827334e7b82883893c875a08c.r2.dev/photography/places/portugal/braga/1024px-Arco_da_Porta_Nova,_Braga_01.jpg",../Q3025/Q3082/Q3155.html,,,,Arch,
,Photograph,Q315/Q3062/Q3026/Q3082.html,Q3155,Stairs in Bom Jesus at Sunset 13,,https://pub-8fba570827334e7b82883893c875a08c.r2.dev/photography/places/portugal/braga/1024px-Stairs_in_Bom_Jesus_at_Sunset_13.jpg,../Q3025/Q3082/Q3155.html,,,,Stairs,
,Photograph,Q315/Q3062/Q3026/Q3082.html,Q3156,"Igreja de Nossa Senhora da Consolação e Santos Passos, Guimarães, Portugal",,"https://pub-8fba570827334e7b82883893c875a08c.r2.dev/photography/places/portugal/guimarães/1024px-Igreja_de_Nossa_Senhora_da_Consolação_e_Santos_Passos,_Guimarães,_Portugal.jpg",../Q3025/Q3082/Q3156.html,,,portrait,Nossa Senhora,
,Photograph,Q315/Q3062/Q3026/Q3082.html,Q3156,"Door, Castelo de Guimaeres, Portugal",,"https://pub-8fba570827334e7b82883893c875a08c.r2.dev/photography/places/portugal/guimarães/1024px-Door,_Castelo_de_Guimaeres,_Portugal.jpg",../Q3025/Q3082/Q3156.html,,,portrait,Castle Door,
,Photograph,Q315/Q3062/Q3026/Q3082.html,Q3156,Interior of Igreja de Nossa Senhora da Oliveira 05,,https://pub-8fba570827334e7b82883893c875a08c.r2.dev/photography/places/portugal/guimarães/1024px-Interior_of_Igreja_de_Nossa_Senhora_da_Oliveira_05.jpg,../Q3025/Q3082/Q3156.html,,,,Igreja Interior,
,Photograph,Q315/Q3062/Q3026/Q3082.html,Q3157,Tiled floor in Porto,,https://pub-8fba570827334e7b82883893c875a08c.r2.dev/photography/places/portugal/porto/1024px-Tiled_floor_in_Porto.jpg,../Q3025/Q3082/Q3157.html,,,,Azulejo Floor,
,Photograph,Q315/Q3062/Q3026/Q3082.html,Q3157,"Capela de Santa Catarina, Porto",,"https://pub-8fba570827334e7b82883893c875a08c.r2.dev/photography/places/portugal/porto/1024px-Capela_de_Santa_Catarina,_Porto.jpg",../Q3025/Q3082/Q3157.html,,,,Santa Catarina,
,Photograph,Q315/Q3062/Q3026/Q3082.html,Q3157,Façade of Capela de Santa Catarina,,https://pub-8fba570827334e7b82883893c875a08c.r2.dev/photography/places/portugal/porto/1024px-Façade_of_Capela_de_Santa_Catarina.jpg,../Q3025/Q3082/Q3157.html,,,,Chapel Façade,
,Photograph,Q315/Q3062/Q3026/Q3082.html,Q3157,"Tiled wall of Igrejas dos Carmelitas e do Carmo, Porto",,"https://pub-8fba570827334e7b82883893c875a08c.r2.dev/photography/places/portugal/porto/1024px-Tiled_wall_of_Igrejas_dos_Carmelitas_e_do_Carmo,_Porto.jpg",../Q3025/Q3082/Q3157.html,,,,Carmelitas Tiles,
,Photograph,Q315/Q3062/Q3026/Q3082.html,Q3157,"Sailboat, Porto",,"https://pub-8fba570827334e7b82883893c875a08c.r2.dev/photography/places/portugal/porto/1024px-Sailboat,_Porto.jpg",../Q3025/Q3082/Q3157.html,,,,Douro Sailboat,
,Photograph,Q315/Q3062/Q3026/Q3082.html,Q3157,"Pipe organ, Igrejas dos Carmelitas e do Carmo",,"https://pub-8fba570827334e7b82883893c875a08c.r2.dev/photography/places/portugal/porto/1024px-Pipe_organ,_Igrejas_dos_Carmelitas_e_do_Carmo.jpg",../Q3025/Q3082/Q3157.html,,,portrait,Pipe Organ,
,Photograph,Q315/Q3062/Q3026/Q3083.html,Q3159,Devín Castle near Bratislava,,https://pub-8fba570827334e7b82883893c875a08c.r2.dev/photography/places/slovakia/devín/1024px-Devín_Castle_near_Bratislava.jpg,../Q3025/Q3083/Q3159.html,,,,Castle Ruins,
,Photograph,Q315/Q3062/Q3026/Q3083.html,Q3158,Blue Church (Bratislava) 02,,https://pub-8fba570827334e7b82883893c875a08c.r2.dev/photography/places/slovakia/bratislava/1024px-Blue_Church_(Bratislava)_02.jpg,../Q3025/Q3083/Q3158.html,,,,Blue Church,
,Photograph,Q315/Q3062/Q3026/Q3083.html,Q3158,Blue Church (Bratislava) 06,,https://pub-8fba570827334e7b82883893c875a08c.r2.dev/photography/places/slovakia/bratislava/1024px-Blue_Church_(Bratislava)_06.jpg,../Q3025/Q3083/Q3158.html,,,,Art Nouveau Detail,
,Photograph,Q315/Q3062/Q3026/Q3083.html,Q3158,Blue Church (Bratislava) 04,,https://pub-8fba570827334e7b82883893c875a08c.r2.dev/photography/places/slovakia/bratislava/1024px-Blue_Church_(Bratislava)_04.jpg,../Q3025/Q3083/Q3158.html,,,,Church Facade,
,Photograph,Q315/Q3062/Q3026/Q3084.html,Q3160,"Da Ponte Fountain, Koper 07",,"https://pub-8fba570827334e7b82883893c875a08c.r2.dev/photography/places/slovenia/koper/1024px-Da_Ponte_Fountain,_Koper_07.jpg",../Q3025/Q3084/Q3160.html,,,,Da Ponte Fountain,
,Photograph,Q315/Q3062/Q3026/Q3084.html,Q3160,Street view in Koper 22,,https://pub-8fba570827334e7b82883893c875a08c.r2.dev/photography/places/slovenia/koper/1024px-Street_view_in_Koper_22.jpg,../Q3025/Q3084/Q3160.html,,,,Old Town Streets,
,Photograph,Q315/Q3062/Q3026/Q3084.html,Q3160,Street view in Koper 23,,https://pub-8fba570827334e7b82883893c875a08c.r2.dev/photography/places/slovenia/koper/1024px-Street_view_in_Koper_23.jpg,../Q3025/Q3084/Q3160.html,,,,Venetian Heritage,
,Photograph,Q315/Q3062/Q3026/Q3084.html,Q3161,Front facade of the University of Ljubljana Administration Building 02,,https://pub-8fba570827334e7b82883893c875a08c.r2.dev/photography/places/slovenia/ljubljana/1024px-Front_facade_of_the_University_of_Ljubljana_Administration_Building_02.jpg,../Q3025/Q3084/Q3161.html,,,,University Building,
,Photograph,Q315/Q3062/Q3026/Q3085.html,Q3162,"Granada   Alhambra, Generalife and Albayzín, Granada   20170721153837",,"https://pub-8fba570827334e7b82883893c875a08c.r2.dev/photography/places/spain/alhambra/1024px-Granada_-_Alhambra,_Generalife_and_Albayzín,_Granada_-_20170721153837.jpg",../Q3025/Q3085/Q3162.html,Q3162,,photo-card,,
,Photograph,Q315/Q3062/Q3026/Q3085.html,Q3162,Granada   Alhambra   20170721160736,,https://pub-8fba570827334e7b82883893c875a08c.r2.dev/photography/places/spain/alhambra/1024px-Granada_-_Alhambra_-_20170721160736.jpg,../Q3025/Q3085/Q3162.html,Q3162,,photo-card,,
,Photograph,Q315/Q3062/Q3026/Q3085.html,Q3162,"Granada   Alhambra, Generalife and Albayzín, Granada   20170721154400",,"https://pub-8fba570827334e7b82883893c875a08c.r2.dev/photography/places/spain/alhambra/1024px-Granada_-_Alhambra,_Generalife_and_Albayzín,_Granada_-_20170721154400.jpg",../Q3025/Q3085/Q3162.html,Q3162,,photo-card,,
,Photograph,Q315/Q3062/Q3026/Q3085.html,Q3163,Església de Sant Francesc de Sales (Barcelona) 02,,https://pub-8fba570827334e7b82883893c875a08c.r2.dev/photography/places/spain/barcelona/1024px-Església_de_Sant_Francesc_de_Sales_(Barcelona)_02.jpg,../Q3025/Q3085/Q3163.html,Q3163,,photo-card,,
,Photograph,Q315/Q3062/Q3026/Q3085.html,Q3163,"Drawing, Barcelona",,"https://pub-8fba570827334e7b82883893c875a08c.r2.dev/photography/places/spain/barcelona/1024px-Drawing,_Barcelona.jpg",../Q3025/Q3085/Q3163.html,Q3163,,photo-card,,
,Photograph,Q315/Q3062/Q3026/Q3085.html,Q3164,Street light in Bilbao,,https://pub-8fba570827334e7b82883893c875a08c.r2.dev/photography/places/spain/bilbao/1024px-Street_light_in_Bilbao.jpg,../Q3025/Q3085/Q3164.html,Q3349,,photo-card,,
,Photograph,Q315/Q3062/Q3026/Q3085.html,Q3164,Red flowers in Bilbao,,https://pub-8fba570827334e7b82883893c875a08c.r2.dev/photography/places/spain/bilbao/1024px-Red_flowers_in_Bilbao.jpg,../Q3025/Q3085/Q3164.html,Q3293,,photo-card,,
,Photograph,Q315/Q3062/Q3026/Q3085.html,Q3164,"Street light, Bilbao",,"https://pub-8fba570827334e7b82883893c875a08c.r2.dev/photography/places/spain/bilbao/1024px-Street_light,_Bilbao.jpg",../Q3025/Q3085/Q3164.html,Q3349,,photo-card,,
,Photograph,Q315/Q3062/Q3026/Q3085.html,Q3165,"Interior of Basilica of San Juan de Dios, Granada 01",,"https://pub-8fba570827334e7b82883893c875a08c.r2.dev/photography/places/spain/granada/1024px-Interior_of_Basilica_of_San_Juan_de_Dios,_Granada_01.jpg",../Q3025/Q3085/Q3165.html,Q3023,,photo-card,,
,Photograph,Q315/Q3062/Q3026/Q3085.html,Q3165,"Interior of Basilica of San Juan de Dios, Granada 04",,"https://pub-8fba570827334e7b82883893c875a08c.r2.dev/photography/places/spain/granada/1024px-Interior_of_Basilica_of_San_Juan_de_Dios,_Granada_04.jpg",../Q3025/Q3085/Q3165.html,Q3023,,photo-card,,
,Photograph,Q315/Q3062/Q3026/Q3085.html,Q3165,Street light in Granada 02,,https://pub-8fba570827334e7b82883893c875a08c.r2.dev/photography/places/spain/granada/1024px-Street_light_in_Granada_02.jpg,../Q3025/Q3085/Q3165.html,Q3349,,photo-card,,
,Photograph,Q315/Q3062/Q3026/Q3085.html,Q3379,"Front view, Templo Expiatorio del Sagrado Corazón",,"https://pub-8fba570827334e7b82883893c875a08c.r2.dev/photography/places/spain/tibidao/1024px-Front_view,_Templo_Expiatorio_del_Sagrado_Corazón.jpg",../Q3025/Q3085/Q3166.html,Q3380,,photo-card,,
,Photograph,Q315/Q3062/Q3026/Q3085.html,Q3379,Templo Expiatorio del Sagrado Corazón,,https://pub-8fba570827334e7b82883893c875a08c.r2.dev/photography/places/spain/tibidao/1024px-Templo_Expiatorio_del_Sagrado_Corazón.jpg,../Q3025/Q3085/Q3166.html,Q3380,,photo-card,,
,Photograph,Q315/Q3062/Q3026/Q3085.html,Q3379,"Sculpture, Sagrat Cor del Tibidabo 06",,"https://pub-8fba570827334e7b82883893c875a08c.r2.dev/photography/places/spain/tibidao/1024px-Sculpture,_Sagrat_Cor_del_Tibidabo_06.jpg",../Q3025/Q3085/Q3166.html,Q3347,,photo-card,,
,Photograph,Q315/Q3062/Q3026/Q3086.html,Q3167,Houses In Stockholm,,https://pub-8fba570827334e7b82883893c875a08c.r2.dev/photography/places/sweden/stockholm/1024px-Houses_In_Stockholm.jpg,../Q3025/Q3086/Q3167.html,Q3167,,photo-card,,
,Photograph,Q315/Q3062/Q3026/Q3086.html,Q3167,"Street light, Stockholm",,"https://pub-8fba570827334e7b82883893c875a08c.r2.dev/photography/places/sweden/stockholm/1024px-Street_light,_Stockholm.jpg",../Q3025/Q3086/Q3167.html,Q3167,,photo-card,,
,Photograph,Q315/Q3062/Q3026/Q3086.html,Q3167,"Chairs, Stockholm",,"https://pub-8fba570827334e7b82883893c875a08c.r2.dev/photography/places/sweden/stockholm/1024px-Chairs,_Stockholm.jpg",../Q3025/Q3086/Q3167.html,Q3167,,photo-card,,
,Photograph,Q315/Q3062/Q3026/Q3087.html,Q3168,"United Nations Headquarters, Geneva",,"https://pub-8fba570827334e7b82883893c875a08c.r2.dev/photography/places/switzerland/geneva/1024px-United_Nations_Headquarters,_Geneva.jpg",../Q3025/Q3087/Q3168.html,,,,UN Headquarters,
,Photograph,Q315/Q3062/Q3026/Q3087.html,Q3168,"Jet d'eau, Geneva",,"https://pub-8fba570827334e7b82883893c875a08c.r2.dev/photography/places/switzerland/geneva/1024px-Jet_d'eau,_Geneva.jpg",../Q3025/Q3087/Q3168.html,,,,Jet d'Eau,
,Photograph,Q315/Q3062/Q3026/Q3087.html,Q3168,"Green Clock, Geneva",,"https://pub-8fba570827334e7b82883893c875a08c.r2.dev/photography/places/switzerland/geneva/1024px-Green_Clock,_Geneva.jpg",../Q3025/Q3087/Q3168.html,,,,Flower Clock,
,Photograph,Q315/Q3062/Q3026/Q3087.html,Q3168,"Jet d'eau, Geneva, Switzerland",,"https://pub-8fba570827334e7b82883893c875a08c.r2.dev/photography/places/switzerland/geneva/1024px-Jet_d'eau,_Geneva,_Switzerland.jpg",../Q3025/Q3087/Q3168.html,,,,Lake Geneva,
,Photograph,Q315/Q3062/Q3026/Q3087.html,Q3169,View of Lake Lugano and Monte Brè 16,,https://pub-8fba570827334e7b82883893c875a08c.r2.dev/photography/places/switzerland/lugano/1024px-View_of_Lake_Lugano_and_Monte_Brè_16.jpg,../Q3025/Q3087/Q3169.html,,,,Lake,
,Photograph,Q315/Q3062/Q3026/Q3087.html,Q3169,View of Lake Lugano 01,,https://pub-8fba570827334e7b82883893c875a08c.r2.dev/photography/places/switzerland/lugano/1024px-View_of_Lake_Lugano_01.jpg,../Q3025/Q3087/Q3169.html,,,,Lake,
,Photograph,Q315/Q3062/Q3026/Q3087.html,Q3169,Bench in Lugano 04,,https://pub-8fba570827334e7b82883893c875a08c.r2.dev/photography/places/switzerland/lugano/1024px-Bench_in_Lugano_04.jpg,../Q3025/Q3087/Q3169.html,,,,Bench,
,Photograph,Q315/Q3062/Q3026/Q3087.html,Q3169,View of Lake Lugano,,https://pub-8fba570827334e7b82883893c875a08c.r2.dev/photography/places/switzerland/lugano/1024px-View_of_Lake_Lugano.jpg,../Q3025/Q3087/Q3169.html,,,,Lake,
,Photograph,Q315/Q3062/Q3026/Q3087.html,Q3169,View of Lake Lugano 05,,https://pub-8fba570827334e7b82883893c875a08c.r2.dev/photography/places/switzerland/lugano/1024px-View_of_Lake_Lugano_05.jpg,../Q3025/Q3087/Q3169.html,,,,Lake,
,Photograph,Q315/Q3062/Q3026/Q3087.html,Q3169,Interior of San Rocco (Lugano) 01,,https://pub-8fba570827334e7b82883893c875a08c.r2.dev/photography/places/switzerland/lugano/1024px-Interior_of_San_Rocco_(Lugano)_01.jpg,../Q3025/Q3087/Q3169.html,,,,Church,
,Photograph,Q315/Q3062/Q3026/Q3088.html,Q3170,"Street light, Amsterdam",,"https://pub-8fba570827334e7b82883893c875a08c.r2.dev/photography/places/netherlands/amsterdam/1024px-Street_light,_Amsterdam.jpg",../Q3025/Q3088/Q3170.html,,,,Street light,
,Photograph,Q315/Q3062/Q3026/Q3088.html,Q3170,Evening Amsterdam Central station,,https://pub-8fba570827334e7b82883893c875a08c.r2.dev/photography/places/netherlands/amsterdam/1024px-Evening-Amsterdam_Central_station.jpg,../Q3025/Q3088/Q3170.html,,,,Central Station,
,Photograph,Q315/Q3062/Q3026/Q3088.html,Q3170,Amsterdam Pride 2023 09,,https://pub-8fba570827334e7b82883893c875a08c.r2.dev/photography/places/netherlands/amsterdam/1024px-Amsterdam_Pride_2023_09.jpg,../Q3025/Q3088/Q3170.html,,,,Pride,
,Photograph,Q315/Q3062/Q3026/Q3088.html,Q3171,Delft   Oude Kerk   20160815125033,,https://pub-8fba570827334e7b82883893c875a08c.r2.dev/photography/places/netherlands/delft/1024px-Delft_-_Oude_Kerk_-_20160815125033.jpg,../Q3025/Q3088/Q3171.html,,,,Oude Kerk,
,Photograph,Q315/Q3062/Q3026/Q3088.html,Q3171,Delft   Nieuwe Kerk   20160815131926,,https://pub-8fba570827334e7b82883893c875a08c.r2.dev/photography/places/netherlands/delft/1024px-Delft_-_Nieuwe_Kerk_-_20160815131926.jpg,../Q3025/Q3088/Q3171.html,,,,Nieuwe Kerk,
,Photograph,Q315/Q3062/Q3026/Q3088.html,Q3171,Delft   Nieuwe Kerk   20160815125457,,https://pub-8fba570827334e7b82883893c875a08c.r2.dev/photography/places/netherlands/delft/1024px-Delft_-_Nieuwe_Kerk_-_20160815125457.jpg,../Q3025/Q3088/Q3171.html,,,portrait,Church Tower,
,Photograph,Q315/Q3062/Q3026/Q3088.html,Q3172,Kinderdijk windmills 07,,https://pub-8fba570827334e7b82883893c875a08c.r2.dev/photography/places/netherlands/kinderdijk/1024px-Kinderdijk_windmills_07.jpg,../Q3025/Q3088/Q3172.html,,,,Windmills,
,Photograph,Q315/Q3062/Q3026/Q3088.html,Q3172,Flora of Kinderdijk 08,,https://pub-8fba570827334e7b82883893c875a08c.r2.dev/photography/places/netherlands/kinderdijk/1024px-Flora_of_Kinderdijk_08.jpg,../Q3025/Q3088/Q3172.html,,,,Flora,
,Photograph,Q315/Q3062/Q3026/Q3088.html,Q3172,Flora of Kinderdijk 02,,https://pub-8fba570827334e7b82883893c875a08c.r2.dev/photography/places/netherlands/kinderdijk/1024px-Flora_of_Kinderdijk_02.jpg,../Q3025/Q3088/Q3172.html,,,,Flora,
,Photograph,Q315/Q3062/Q3026/Q3088.html,Q3173,"Skyline, Rotterdam",,"https://pub-8fba570827334e7b82883893c875a08c.r2.dev/photography/places/netherlands/rotterdam/1024px-Skyline,_Rotterdam.jpg",../Q3025/Q3088/Q3173.html,,,,Skyline,
,Photograph,Q315/Q3062/Q3026/Q3088.html,Q3173,Rotterdam   Pilgrim Fathers Church   20160813174427,,https://pub-8fba570827334e7b82883893c875a08c.r2.dev/photography/places/netherlands/rotterdam/1024px-Rotterdam_-_Pilgrim_Fathers_Church_-_20160813174427.jpg,../Q3025/Q3088/Q3173.html,,,,Church,
,Photograph,Q315/Q3062/Q3026/Q3088.html,Q3173,Rotterdam   Pilgrim Fathers Church   20160813182815,,https://pub-8fba570827334e7b82883893c875a08c.r2.dev/photography/places/netherlands/rotterdam/1024px-Rotterdam_-_Pilgrim_Fathers_Church_-_20160813182815.jpg,../Q3025/Q3088/Q3173.html,,,,Church,
,Photograph,Q315/Q3062/Q3026/Q3088.html,Q3174,Exterior of the Mauritshuis 03,,https://pub-8fba570827334e7b82883893c875a08c.r2.dev/photography/places/netherlands/the-hague/1024px-Exterior_of_the_Mauritshuis_03.jpg,../Q3025/Q3088/Q3174.html,,,,Mauritshuis,
,Photograph,Q315/Q3062/Q3026/Q3088.html,Q3174,Tower of Grote of Sint Jacobskerk (The Hague) 03,,https://pub-8fba570827334e7b82883893c875a08c.r2.dev/photography/places/netherlands/the-hague/1024px-Tower_of_Grote_of_Sint-Jacobskerk_(The_Hague)_03.jpg,../Q3025/Q3088/Q3174.html,,,,Tower,
,Photograph,Q315/Q3062/Q3026/Q3088.html,Q3174,"Street light, Koekamp, The Hague 04",,"https://pub-8fba570827334e7b82883893c875a08c.r2.dev/photography/places/netherlands/the-hague/1024px-Street_light,_Koekamp,_The_Hague_04.jpg",../Q3025/Q3088/Q3174.html,,,,Street light,
,Photograph,Q315/Q3062/Q3026/Q3089.html,Q3175,"Lights in front of Saint Peter's Basilica, Vatican",,"https://pub-8fba570827334e7b82883893c875a08c.r2.dev/photography/places/vatican-city/vatican-city/1024px-Lights_in_front_of_Saint_Peter's_Basilica,_Vatican.jpg",../Q3025/Q3089/Q3175.html,,,,Basilica Lights,
,Photograph,Q315/Q3062/Q3026/Q3089.html,Q3175,"Chairs in front of Saint Peter's Basilica, Vatican",,"https://pub-8fba570827334e7b82883893c875a08c.r2.dev/photography/places/vatican-city/vatican-city/1024px-Chairs_in_front_of_Saint_Peter's_Basilica,_Vatican.jpg",../Q3025/Q3089/Q3175.html,,,,Basilica Square,
,Photograph,Q315/Q3062/Q3026/Q3089.html,Q3175,Street light in the Vatican City 06,,https://pub-8fba570827334e7b82883893c875a08c.r2.dev/photography/places/vatican-city/vatican-city/1024px-Street_light_in_the_Vatican_City_06.jpg,../Q3025/Q3089/Q3175.html,,,,Basilica Square,
,Photograph,Q315/Q3062/Q3026/Q3089.html,Q3175,Vatican obelisk 08,,https://pub-8fba570827334e7b82883893c875a08c.r2.dev/photography/places/vatican-city/vatican-city/1024px-Vatican_obelisk_08.jpg,../Q3025/Q3089/Q3175.html,,,,Obelisk,
,Photograph,Q315/Q3062/Q3026/Q3089.html,Q3175,Street light in the Vatican City 03,,https://pub-8fba570827334e7b82883893c875a08c.r2.dev/photography/places/vatican-city/vatican-city/1024px-Street_light_in_the_Vatican_City_03.jpg,../Q3025/Q3089/Q3175.html,,,,Pillars,
,Photograph,Q315/Q3062/Q3026/Q3089.html,Q3175,"Altar of the Chair of Saint Peter, Vatican 03",,"https://pub-8fba570827334e7b82883893c875a08c.r2.dev/photography/places/vatican-city/vatican-city/1024px-Altar_of_the_Chair_of_Saint_Peter,_Vatican_03.jpg",../Q3025/Q3089/Q3175.html,,,,"Altar of the Chair of
                                    Saint Peter",
,Photograph,Q315/Q3062/Q3026/Q3089.html,Q3175,"Ceilings of Saint Peter's Basilica, Vatican 01",,"https://pub-8fba570827334e7b82883893c875a08c.r2.dev/photography/places/vatican-city/vatican-city/1024px-Ceilings_of_Saint_Peter's_Basilica,_Vatican_01.jpg",../Q3025/Q3089/Q3175.html,,,,Ceilings of Saint Peter's Basilica,
,Photograph,Q315/Q3062/Q3026/Q3089.html,Q3175,"Ceilings of Saint Peter's Basilica, Vatican 03",,"https://pub-8fba570827334e7b82883893c875a08c.r2.dev/photography/places/vatican-city/vatican-city/1024px-Ceilings_of_Saint_Peter's_Basilica,_Vatican_03.jpg",../Q3025/Q3089/Q3175.html,,,,Ceilings of Saint Peter's Basilica,
,Photograph,Q315/Q3062/Q3026.html,,"Mumok, Vienna",,"https://pub-8fba570827334e7b82883893c875a08c.r2.dev/photography/places/austria/vienna/1024px-Mumok,_Vienna.jpg",Q3026/Q3067.html,,,country-card,,
,Photograph,Q315/Q3062/Q3026.html,,Grote Market,,https://pub-8fba570827334e7b82883893c875a08c.r2.dev/photography/places/belgium/antwerp/1024px-Grote_Market.jpg,Q3026/Q3068.html,,,country-card,,
,Photograph,Q315/Q3062/Q3026.html,,"Rocks, Adršpašsko teplické skály",,"https://pub-8fba570827334e7b82883893c875a08c.r2.dev/photography/places/czech-republic/adršpach/1024px-Rocks,_Adršpašsko-teplické_skály.jpg",Q3026/Q3069.html,,,country-card,,
,Photograph,Q315/Q3062/Q3026.html,,View from Rundetårn in Copenhagen,,https://pub-8fba570827334e7b82883893c875a08c.r2.dev/photography/places/denmark/copenhagen/1024px-View_from_Rundetårn_in_Copenhagen.jpg,Q3026/Q3070.html,,,country-card,,
,Photograph,Q315/Q3062/Q3026.html,,"Windows in old Town, Tallinn",,"https://pub-8fba570827334e7b82883893c875a08c.r2.dev/photography/places/estonia/tallinn/1024px-Windows_in_old_Town,_Tallinn.jpg",Q3026/Q3071.html,,,country-card,,
,Photograph,Q315/Q3062/Q3026.html,,Chapel of Silence in Helsinki,,https://pub-8fba570827334e7b82883893c875a08c.r2.dev/photography/places/finland/helsinki/1024px-Chapel_of_Silence_in_Helsinki.jpg,Q3026/Q3072.html,,,country-card,,
,Photograph,Q315/Q3062/Q3026.html,,Annecy   Palais de l'Isle   20150817161516,,https://pub-8fba570827334e7b82883893c875a08c.r2.dev/photography/places/france/paris/1024px-Annecy_-_Palais_de_l'Isle_-_20150817161516.jpg,Q3026/Q3073.html,,,country-card,,
,Photograph,Q315/Q3062/Q3026.html,,Mitte   Berlin Cathedral   20170803181059,,https://pub-8fba570827334e7b82883893c875a08c.r2.dev/photography/places/germany/berlin/1024px-Mitte_-_Berlin_Cathedral_-_20170803181059.jpg,Q3026/Q3074.html,,,country-card,,
,Photograph,Q315/Q3062/Q3026.html,,Heraklion   Agios Minas Cathedral   20140528133922,,https://pub-8fba570827334e7b82883893c875a08c.r2.dev/photography/places/greece/heraklion/1024px-Heraklion_-_Agios_Minas_Cathedral_-_20140528133922.jpg,Q3026/Q3075.html,,,country-card,,
,Photograph,Q315/Q3062/Q3026.html,,"Matthias Church at Night, Budapest",,"https://pub-8fba570827334e7b82883893c875a08c.r2.dev/photography/places/hungary/budapest/1024px-Matthias_Church_at_Night,_Budapest.jpg",Q3026/Q3076.html,,,country-card,,
,Photograph,Q315/Q3062/Q3026.html,,"Door, Florence",,"https://pub-8fba570827334e7b82883893c875a08c.r2.dev/photography/places/italy/florence/1024px-Door,_Florence.jpg",Q3026/Q3077.html,,,country-card,,
,Photograph,Q315/Q3062/Q3026.html,,Bridge on Daugava River,,https://pub-8fba570827334e7b82883893c875a08c.r2.dev/photography/places/latvia/riga/1024px-Bridge_on_Daugava_River.jpg,Q3026/Q3078.html,,,country-card,,
,Photograph,Q315/Q3062/Q3026.html,,"Windows in Vilnius, Lithuania",,"https://pub-8fba570827334e7b82883893c875a08c.r2.dev/photography/places/lithuania/vilnius/1024px-Windows_in_Vilnius,_Lithuania.jpg",Q3026/Q3079.html,,,country-card,,
,Photograph,Q315/Q3062/Q3026.html,,Chapel in Vianden Castle,,https://pub-8fba570827334e7b82883893c875a08c.r2.dev/photography/places/luxembourg/vianden/1024px-Chapel_in_Vianden_Castle.jpg,Q3026/Q3080.html,,,country-card,,
,Photograph,Q315/Q3062/Q3026.html,,Houses in the Main Town of Gdansk on Motława river,,https://pub-8fba570827334e7b82883893c875a08c.r2.dev/photography/places/poland/gdansk/1024px-Houses_in_the_Main_Town_of_Gdansk_on_Motława_river.jpg,Q3026/Q3081.html,,,country-card,,
,Photograph,Q315/Q3062/Q3026.html,,"Igreja de Nossa Senhora da Consolação e Santos Passos, Guimarães, Portugal",,"https://pub-8fba570827334e7b82883893c875a08c.r2.dev/photography/places/portugal/guimarães/1024px-Igreja_de_Nossa_Senhora_da_Consolação_e_Santos_Passos,_Guimarães,_Portugal.jpg",Q3026/Q3082.html,,,country-card,,
,Photograph,Q315/Q3062/Q3026.html,,Devín Castle near Bratislava,,https://pub-8fba570827334e7b82883893c875a08c.r2.dev/photography/places/slovakia/devín/1024px-Devín_Castle_near_Bratislava.jpg,Q3026/Q3083.html,,,country-card,,
,Photograph,Q315/Q3062/Q3026.html,,"Da Ponte Fountain, Koper 07",,"https://pub-8fba570827334e7b82883893c875a08c.r2.dev/photography/places/slovenia/koper/1024px-Da_Ponte_Fountain,_Koper_07.jpg",Q3026/Q3084.html,,,country-card,,
,Photograph,Q315/Q3062/Q3026.html,,"Granada   Alhambra, Generalife and Albayzín, Granada   20170721153837",,"https://pub-8fba570827334e7b82883893c875a08c.r2.dev/photography/places/spain/alhambra/1024px-Granada_-_Alhambra,_Generalife_and_Albayzín,_Granada_-_20170721153837.jpg",Q3026/Q3085.html,,,country-card,,
,Photograph,Q315/Q3062/Q3026.html,,Houses In Stockholm,,https://pub-8fba570827334e7b82883893c875a08c.r2.dev/photography/places/sweden/stockholm/1024px-Houses_In_Stockholm.jpg,Q3026/Q3086.html,,,country-card,,
,Photograph,Q315/Q3062/Q3026.html,,"United Nations Headquarters, Geneva",,"https://pub-8fba570827334e7b82883893c875a08c.r2.dev/photography/places/switzerland/geneva/1024px-United_Nations_Headquarters,_Geneva.jpg",Q3026/Q3087.html,,,country-card,,
,Photograph,Q315/Q3062/Q3026.html,,Delft   Oude Kerk   20160815125033,,https://pub-8fba570827334e7b82883893c875a08c.r2.dev/photography/places/netherlands/delft/1024px-Delft_-_Oude_Kerk_-_20160815125033.jpg,Q3026/Q3088.html,,,country-card,,
,Photograph,Q315/Q3062/Q3026.html,,"Lights in front of Saint Peter's Basilica, Vatican",,"https://pub-8fba570827334e7b82883893c875a08c.r2.dev/photography/places/vatican/vatican-city/1024px-Lights_in_front_of_Saint_Peter's_Basilica,_Vatican.jpg",Q3026/Q3089.html,,,country-card,,
,Photograph,Q315/Q3062/Q3027.html,Q3068,Cycles in Antwerpen,,https://pub-8fba570827334e7b82883893c875a08c.r2.dev/photography/places/belgium/antwerp/1024px-Cycles_in_Antwerpen.jpg,,,,cycle-card,,
,Photograph,Q315/Q3062/Q3027.html,Q3072,"Cycle, Helsinki",,"https://pub-8fba570827334e7b82883893c875a08c.r2.dev/photography/places/finland/helsinki/1024px-Cycle,_Helsinki.jpg",,,,cycle-card,,
,Photograph,Q315/Q3062/Q3027.html,Q3073,Bicycles in Arles,,https://pub-8fba570827334e7b82883893c875a08c.r2.dev/photography/places/france/arles/1024px-Bicycles_in_Arles.jpg,,,,cycle-card,,
,Photograph,Q315/Q3062/Q3027.html,Q3077,Bicycles in Florence,,https://pub-8fba570827334e7b82883893c875a08c.r2.dev/photography/places/italy/florence/1024px-Bicycles_in_Florence.jpg,,,,cycle-card,,
,Photograph,Q315/Q3062/Q3027.html,Q3077,Exterior of Chiesa di Santa Eufrasia 02,,https://pub-8fba570827334e7b82883893c875a08c.r2.dev/photography/places/italy/pisa/1024px-Exterior_of_Chiesa_di_Santa_Eufrasia_02.jpg,,,,cycle-card,,
,Photograph,Q315/Q3062/Q3028.html,Q3068,"Door, Antwerpen",,"https://pub-8fba570827334e7b82883893c875a08c.r2.dev/photography/places/belgium/antwerp/1024px-Door,_Antwerpen.jpg",,,,door-card portrait,,
,Photograph,Q315/Q3062/Q3028.html,Q3068,"Doors and Statues, Bruges",,"https://pub-8fba570827334e7b82883893c875a08c.r2.dev/photography/places/belgium/bruges/1024px-Doors_and_Statues,_Bruges.jpg",,,,door-card,,
,Photograph,Q315/Q3062/Q3028.html,Q3068,"Green door, Bruges",,"https://pub-8fba570827334e7b82883893c875a08c.r2.dev/photography/places/belgium/bruges/1024px-Green_door,_Bruges.jpg",,,,door-card,,
,Photograph,Q315/Q3062/Q3028.html,Q3068,"Door, Bruges",,"https://pub-8fba570827334e7b82883893c875a08c.r2.dev/photography/places/belgium/bruges/1024px-Door,_Bruges.jpg",,,,door-card portrait,,
,Photograph,Q315/Q3062/Q3028.html,Q3071,Colored door In Tallinn,,https://pub-8fba570827334e7b82883893c875a08c.r2.dev/photography/places/estonia/tallinn/1024px-Colored_door_In_Tallinn.jpg,,,,door-card portrait,,
,Photograph,Q315/Q3062/Q3028.html,Q3072,Church door in Suomenlinna In Helsinki,,https://pub-8fba570827334e7b82883893c875a08c.r2.dev/photography/places/finland/helsinki/1024px-Church_door_in_Suomenlinna_In_Helsinki.jpg,,,,door-card,,
,Photograph,Q315/Q3062/Q3028.html,Q3073,Église de l'Immaculée Conception d'Haut Biol 05,,https://pub-8fba570827334e7b82883893c875a08c.r2.dev/photography/places/france/haut-biol/1024px-Église_de_l'Immaculée-Conception_d'Haut-Biol_05.jpg,,,,door-card,,
,Photograph,Q315/Q3062/Q3028.html,Q3073,Église de La Chapelle de la Tour 08,,https://pub-8fba570827334e7b82883893c875a08c.r2.dev/photography/places/france/la-chapelle-de-la-tour/1024px-Église_de_La_Chapelle_de_la_Tour_08.jpg,,,,door-card portrait,,
,Photograph,Q315/Q3062/Q3028.html,Q3073,Église de Sainte Cécile de Loupian 16,,https://pub-8fba570827334e7b82883893c875a08c.r2.dev/photography/places/france/loupian/1024px-Église_de_Sainte_Cécile_de_Loupian_16.jpg,,,,door-card portrait,,
,Photograph,Q315/Q3062/Q3028.html,Q3073,Église Saint Pothin (Lyon) 01,,https://pub-8fba570827334e7b82883893c875a08c.r2.dev/photography/places/france/lyon/1024px-Église_Saint-Pothin_(Lyon)_01.jpg,,,,door-card portrait,,
,Photograph,Q315/Q3062/Q3028.html,Q3073,"Door, Château de Morestel",,"https://pub-8fba570827334e7b82883893c875a08c.r2.dev/photography/places/france/morestel/1024px-Door,_Château_de_Morestel.jpg",,,,door-card portrait,,
,Photograph,Q315/Q3062/Q3028.html,Q3073,Exterior of Église Sainte Croix (Nantes) 06,,https://pub-8fba570827334e7b82883893c875a08c.r2.dev/photography/places/france/nantes/1024px-Exterior_of_Église_Sainte-Croix_(Nantes)_06.jpg,,,,door-card,,
,Photograph,Q315/Q3062/Q3028.html,Q3073,"Door, Pérouges",,"https://pub-8fba570827334e7b82883893c875a08c.r2.dev/photography/places/france/pérouges/1024px-Door,_Pérouges.jpg",,,,door-card portrait,,
,Photograph,Q315/Q3062/Q3028.html,Q3077,"Door, Florence",,"https://pub-8fba570827334e7b82883893c875a08c.r2.dev/photography/places/italy/florence/1024px-Door,_Florence.jpg",,,,door-card,,
,Photograph,Q315/Q3062/Q3028.html,Q3077,Door in Florence 05,,https://pub-8fba570827334e7b82883893c875a08c.r2.dev/photography/places/italy/florence/1024px-Door_in_Florence_05.jpg,,,,door-card portrait,,
,Photograph,Q315/Q3062/Q3028.html,Q3077,Exterior of Santo Stefano dei Cavalieri (Pisa) 07,,https://pub-8fba570827334e7b82883893c875a08c.r2.dev/photography/places/italy/pisa/1024px-Exterior_of_Santo_Stefano_dei_Cavalieri_(Pisa)_07.jpg,,,,door-card portrait,,
,Photograph,Q315/Q3062/Q3028.html,Q3077,Exterior of Santo Stefano dei Cavalieri (Pisa) 05,,https://pub-8fba570827334e7b82883893c875a08c.r2.dev/photography/places/italy/pisa/1024px-Exterior_of_Santo_Stefano_dei_Cavalieri_(Pisa)_05.jpg,,,,door-card portrait,,
,Photograph,Q315/Q3062/Q3028.html,Q3077,Exterior of San Michele in Borgo (Pisa) 06,,https://pub-8fba570827334e7b82883893c875a08c.r2.dev/photography/places/italy/pisa/1024px-Exterior_of_San_Michele_in_Borgo_(Pisa)_06.jpg,,,,door-card portrait,,
,Photograph,Q315/Q3062/Q3028.html,Q3077,Exterior of Chiesa di Santa Eufrasia 02,,https://pub-8fba570827334e7b82883893c875a08c.r2.dev/photography/places/italy/pisa/1024px-Exterior_of_Chiesa_di_Santa_Eufrasia_02.jpg,,,,door-card portrait,,
,Photograph,Q315/Q3062/Q3028.html,Q3077,Exterior of Santa Maria della Spina (Pisa) 02,,https://pub-8fba570827334e7b82883893c875a08c.r2.dev/photography/places/italy/pisa/1024px-Exterior_of_Santa_Maria_della_Spina_(Pisa)_02.jpg,,,,door-card portrait,,
,Photograph,Q315/Q3062/Q3028.html,Q3077,Chiesa di Santa Chiara (Roma) 03,,https://pub-8fba570827334e7b82883893c875a08c.r2.dev/photography/places/italy/rome/1024px-Chiesa_di_Santa_Chiara_(Roma)_03.jpg,,,,door-card,,
,Photograph,Q315/Q3062/Q3028.html,Q3077,Chiesa di Santa Maria in Aquiro 04,,https://pub-8fba570827334e7b82883893c875a08c.r2.dev/photography/places/italy/rome/1024px-Chiesa_di_Santa_Maria_in_Aquiro_04.jpg,,,,door-card portrait,,
,Photograph,Q315/Q3062/Q3028.html,Q3077,Door in Rome,,https://pub-8fba570827334e7b82883893c875a08c.r2.dev/photography/places/italy/rome/1024px-Door_in_Rome.jpg,,,,door-card portrait,,
,Photograph,Q315/Q3062/Q3028.html,Q3081,Door In Gdansk,,https://pub-8fba570827334e7b82883893c875a08c.r2.dev/photography/places/poland/gdańsk/1024px-Door_In_Gdansk.jpg,,,,door-card portrait,,
,Photograph,Q315/Q3062/Q3028.html,Q3082,Main facade of Palácio do Raio 02 cropped,,https://pub-8fba570827334e7b82883893c875a08c.r2.dev/photography/places/portugal/braga/1024px-Main_facade_of_Palácio_do_Raio_02-cropped.jpg,,,,door-card,,
,Photograph,Q315/Q3062/Q3028.html,Q3082,Exterior of Sé de Braga 09,,https://pub-8fba570827334e7b82883893c875a08c.r2.dev/photography/places/portugal/braga/1024px-Exterior_of_Sé_de_Braga_09.jpg,,,,door-card portrait,,
,Photograph,Q315/Q3062/Q3028.html,Q3082,Door of Church of Santa Cruz (Braga),,https://pub-8fba570827334e7b82883893c875a08c.r2.dev/photography/places/portugal/braga/1024px-Door_of_Church_of_Santa_Cruz_(Braga).jpg,,,,door-card portrait,,
,Photograph,Q315/Q3062/Q3028.html,Q3082,"Door, Castelo de Guimaeres, Portugal",,"https://pub-8fba570827334e7b82883893c875a08c.r2.dev/photography/places/portugal/guimarães/1024px-Door,_Castelo_de_Guimaeres,_Portugal.jpg",,,,door-card portrait,,
,Photograph,Q315/Q3062/Q3028.html,Q3082,View of Guimarães 16,,https://pub-8fba570827334e7b82883893c875a08c.r2.dev/photography/places/portugal/guimarães/1024px-View_of_Guimarães_16.jpg,,,,door-card portrait,,
,Photograph,Q315/Q3062/Q3028.html,Q3082,Doors and Windows in Porto 13,,https://pub-8fba570827334e7b82883893c875a08c.r2.dev/photography/places/portugal/porto/1024px-Doors_and_Windows_in_Porto_13.jpg,,,,door-card,,
,Photograph,Q315/Q3062/Q3028.html,Q3082,Doors and Windows in Porto 09,,https://pub-8fba570827334e7b82883893c875a08c.r2.dev/photography/places/portugal/porto/1024px-Doors_and_Windows_in_Porto_09.jpg,,,,door-card,,
,Photograph,Q315/Q3062/Q3028.html,Q3082,Igreja de São Martinho de Cedofeita 03,,https://pub-8fba570827334e7b82883893c875a08c.r2.dev/photography/places/portugal/porto/1024px-Igreja_de_São_Martinho_de_Cedofeita_03.jpg,,,,door-card,,
,Photograph,Q315/Q3062/Q3028.html,Q3082,Igreja de São Martinho de Cedofeita 04,,https://pub-8fba570827334e7b82883893c875a08c.r2.dev/photography/places/portugal/porto/1024px-Igreja_de_São_Martinho_de_Cedofeita_04.jpg,,,,door-card portrait,,
,Photograph,Q315/Q3062/Q3028.html,Q3082,South façade of Igreja de São Francisco (Porto),,https://pub-8fba570827334e7b82883893c875a08c.r2.dev/photography/places/portugal/porto/1024px-South_façade_of_Igreja_de_São_Francisco_(Porto).jpg,,,,door-card portrait,,
,Photograph,Q315/Q3062/Q3028.html,Q3082,Exterior view of Igreja dos Clérigos 06,,https://pub-8fba570827334e7b82883893c875a08c.r2.dev/photography/places/portugal/porto/1024px-Exterior_view_of_Igreja_dos_Clérigos_06.jpg,,,,door-card portrait,,
,Photograph,Q315/Q3062/Q3029.html,Q3070,Flowers in Copenhagen,,https://pub-8fba570827334e7b82883893c875a08c.r2.dev/photography/places/denmark/copenhagen/1024px-Flowers_in_Copenhagen.jpg,,,,photo-card,,
,Photograph,Q315/Q3062/Q3029.html,Q3070,"Flowers in Copenhagen, Denmark",,"https://pub-8fba570827334e7b82883893c875a08c.r2.dev/photography/places/denmark/copenhagen/1024px-Flowers_in_Copenhagen,_Denmark.jpg",,,,photo-card,,
,Photograph,Q315/Q3062/Q3029.html,Q3070,Flowers and traffic signs in Copenhagen,,https://pub-8fba570827334e7b82883893c875a08c.r2.dev/photography/places/denmark/copenhagen/1024px-Flowers_and_traffic_signs_in_Copenhagen.jpg,,,,photo-card,,
,Photograph,Q315/Q3062/Q3029.html,Q3073,Flowers in Allier,,https://pub-8fba570827334e7b82883893c875a08c.r2.dev/photography/places/france/allier/1024px-Flowers_in_Allier.jpg,,,,photo-card,,
,Photograph,Q315/Q3062/Q3029.html,Q3073,Sunflower in Allier 01,,https://pub-8fba570827334e7b82883893c875a08c.r2.dev/photography/places/france/allier/1024px-Sunflower_in_Allier_01.jpg,,,,photo-card,,
,Photograph,Q315/Q3062/Q3029.html,Q3073,Bright Yellow flower,,https://pub-8fba570827334e7b82883893c875a08c.r2.dev/photography/places/france/auvergne/1024px-Bright_Yellow_flower.jpg,,,,photo-card,,
,Photograph,Q315/Q3062/Q3029.html,Q3073,Flower in nature,,https://pub-8fba570827334e7b82883893c875a08c.r2.dev/photography/places/france/auvergne/1024px-Flower_in_nature.jpg,,,,photo-card,,
,Photograph,Q315/Q3062/Q3029.html,Q3073,Flower in Dordogne 02,,https://pub-8fba570827334e7b82883893c875a08c.r2.dev/photography/places/france/dordogne/1024px-Flower_in_Dordogne_02.jpg,,,,photo-card,,
,Photograph,Q315/Q3062/Q3029.html,Q3073,Flower in Dordogne 04,,https://pub-8fba570827334e7b82883893c875a08c.r2.dev/photography/places/france/dordogne/1024px-Flower_in_Dordogne_04.jpg,,,,photo-card,,
,Photograph,Q315/Q3062/Q3029.html,Q3073,Flower in Dordogne 01,,https://pub-8fba570827334e7b82883893c875a08c.r2.dev/photography/places/france/dordogne/1024px-Flower_in_Dordogne_01.jpg,,,,photo-card,,
,Photograph,Q315/Q3062/Q3029.html,Q3073,"Flower buds, Lyon, Summer",,"https://pub-8fba570827334e7b82883893c875a08c.r2.dev/photography/places/france/lyon/1024px-Flower_buds,_Lyon,_Summer.jpg",,,,photo-card,,
,Photograph,Q315/Q3062/Q3029.html,Q3073,"Flower in Spring, Lyon",,"https://pub-8fba570827334e7b82883893c875a08c.r2.dev/photography/places/france/lyon/1024px-Flower_in_Spring,_Lyon.jpg",,,,photo-card portrait,,
,Photograph,Q315/Q3062/Q3029.html,Q3073,"Flower, Lyon",,"https://pub-8fba570827334e7b82883893c875a08c.r2.dev/photography/places/france/lyon/1024px-Flower,_Lyon.jpg",,,,photo-card portrait,,
,Photograph,Q315/Q3062/Q3029.html,Q3073,Yellow flowers in nature,,https://pub-8fba570827334e7b82883893c875a08c.r2.dev/photography/places/france/occitanie/1024px-Yellow_flowers_in_nature.jpg,,,,photo-card,,
,Photograph,Q315/Q3062/Q3029.html,Q3080,Flowers of Luxembourg 01,,https://pub-8fba570827334e7b82883893c875a08c.r2.dev/photography/places/luxembourg/luxembourg/1024px-Flowers_of_Luxembourg_01.jpg,,,,photo-card,,
,Photograph,Q315/Q3062/Q3029.html,Q3080,Flowers of Luxembourg 04,,https://pub-8fba570827334e7b82883893c875a08c.r2.dev/photography/places/luxembourg/luxembourg/1024px-Flowers_of_Luxembourg_04.jpg,,,,photo-card,,
,Photograph,Q315/Q3062/Q3029.html,Q3080,Flowers of Luxembourg 12,,https://pub-8fba570827334e7b82883893c875a08c.r2.dev/photography/places/luxembourg/luxembourg/1024px-Flowers_of_Luxembourg_12.jpg,,,,photo-card,,
,Photograph,Q315/Q3062/Q3029.html,Q3080,Flowers of Luxembourg 10,,https://pub-8fba570827334e7b82883893c875a08c.r2.dev/photography/places/luxembourg/luxembourg/1024px-Flowers_of_Luxembourg_10.jpg,,,,photo-card,,
,Photograph,Q315/Q3062/Q3029.html,Q3080,Flowers of Luxembourg 02,,https://pub-8fba570827334e7b82883893c875a08c.r2.dev/photography/places/luxembourg/luxembourg/1024px-Flowers_of_Luxembourg_02.jpg,,,,photo-card,,
,Photograph,Q315/Q3062/Q3029.html,Q3080,Flowers of Luxembourg 11,,https://pub-8fba570827334e7b82883893c875a08c.r2.dev/photography/places/luxembourg/luxembourg/1024px-Flowers_of_Luxembourg_11.jpg,,,,photo-card,,
,Photograph,Q315/Q3062/Q3029.html,Q3080,Flowers of Luxembourg 03,,https://pub-8fba570827334e7b82883893c875a08c.r2.dev/photography/places/luxembourg/luxembourg/1024px-Flowers_of_Luxembourg_03.jpg,,,,photo-card,,
,Photograph,Q315/Q3062/Q3029.html,Q3080,Flowers of Luxembourg 08,,https://pub-8fba570827334e7b82883893c875a08c.r2.dev/photography/places/luxembourg/luxembourg/1024px-Flowers_of_Luxembourg_08.jpg,,,,photo-card portrait,,
,Photograph,Q315/Q3062/Q3029.html,Q3082,Flora of Guimarães 08,,https://pub-8fba570827334e7b82883893c875a08c.r2.dev/photography/places/portugal/guimarães/1024px-Flora_of_Guimarães_08.jpg,,,,photo-card,,
,Photograph,Q315/Q3062/Q3029.html,Q3085,Red flowers in Bilbao,,https://pub-8fba570827334e7b82883893c875a08c.r2.dev/photography/places/spain/bilbao/1024px-Red_flowers_in_Bilbao.jpg,,,,photo-card,,
,Photograph,Q315/Q3062/Q3029.html,Q3087,"Flowers, Geneva",,"https://pub-8fba570827334e7b82883893c875a08c.r2.dev/photography/places/switzerland/geneva/1024px-Flowers,_Geneva.jpg",,,,photo-card,,
,Photograph,Q315/Q3062/Q3030.html,Q3216,Goulash,,https://pub-8fba570827334e7b82883893c875a08c.r2.dev/photography/1024px-Goulash.jpg,,,,food-card,,
,Photograph,Q315/Q3062/Q3031.html,Q3073,"Fractals or Trees, Lyon",,"https://pub-8fba570827334e7b82883893c875a08c.r2.dev/photography/places/france/lyon/1024px-Fractals_or_Trees,_Lyon.jpg",,,,fractal-card portrait,,
,Photograph,Q315/Q3062/Q3031.html,Q3073,Tree branches with some leaves,,https://pub-8fba570827334e7b82883893c875a08c.r2.dev/photography/places/france/occitanie/1024px-Tree_branches_with_some_leaves.jpg,,,,fractal-card,,
,Photograph,Q315/Q3062/Q3032.html,Q3068,Grote Market,,https://pub-8fba570827334e7b82883893c875a08c.r2.dev/photography/places/belgium/antwerp/1024px-Grote_Market.jpg,,,,heritage-card,,
,Photograph,Q315/Q3062/Q3032.html,Q3073,Issoire   Kostel svatého Austremona   20130621142057,,https://pub-8fba570827334e7b82883893c875a08c.r2.dev/photography/places/france/issoire/1024px-Issoire_-_Kostel_svatého_Austremona_-_20130621142057.jpg,,,,heritage-card,,
,Photograph,Q315/Q3062/Q3032.html,Q3073,Issoire   Kostel svatého Austremona   20130621144506,,https://pub-8fba570827334e7b82883893c875a08c.r2.dev/photography/places/france/issoire/1024px-Issoire_-_Kostel_svatého_Austremona_-_20130621144506.jpg,,,,heritage-card,,
,Photograph,Q315/Q3062/Q3032.html,Q3073,Issoire   Kostel svatého Austremona   20130621142521,,https://pub-8fba570827334e7b82883893c875a08c.r2.dev/photography/places/france/issoire/1024px-Issoire_-_Kostel_svatého_Austremona_-_20130621142521.jpg,,,,heritage-card,,
,Photograph,Q315/Q3062/Q3032.html,Q3075,Heraklion   Agios Minas Cathedral   20140528133922,,https://pub-8fba570827334e7b82883893c875a08c.r2.dev/photography/places/greece/heraklion/1024px-Heraklion_-_Agios_Minas_Cathedral_-_20140528133922.jpg,,,,heritage-card,,
,Photograph,Q315/Q3062/Q3032.html,Q3075,"Τείχος, Κνωσός",,"https://pub-8fba570827334e7b82883893c875a08c.r2.dev/photography/places/greece/knossos/1024px-Τείχος,_Κνωσός.jpg",,,,heritage-card,,
,Photograph,Q315/Q3062/Q3032.html,Q3075,"Νωπογραφία, Κνωσός",,"https://pub-8fba570827334e7b82883893c875a08c.r2.dev/photography/places/greece/knossos/1024px-Νωπογραφία,_Κνωσός.jpg",,,,heritage-card,,
,Photograph,Q315/Q3062/Q3032.html,Q3075,Heraklion   Agia Ekaterini   20140528134039,,https://pub-8fba570827334e7b82883893c875a08c.r2.dev/photography/places/greece/heraklion/1024px-Heraklion_-_Agia_Ekaterini_-_20140528134039.jpg,,,,heritage-card,,
,Photograph,Q315/Q3062/Q3032.html,Q3077,Forum Romanum (Rome) 26,,https://pub-8fba570827334e7b82883893c875a08c.r2.dev/photography/places/italy/rome/1024px-Forum_Romanum_(Rome)_26.jpg,,,,heritage-card,,
,Photograph,Q315/Q3062/Q3032.html,Q3085,"Granada   Alhambra, Generalife and Albayzín, Granada   20170721153837",,"https://pub-8fba570827334e7b82883893c875a08c.r2.dev/photography/places/spain/alhambra/1024px-Granada_-_Alhambra,_Generalife_and_Albayzín,_Granada_-_20170721153837.jpg",,,,heritage-card,,
,Photograph,Q315/Q3062/Q3032.html,Q3085,Granada   Alhambra   20170721160736,,https://pub-8fba570827334e7b82883893c875a08c.r2.dev/photography/places/spain/alhambra/1024px-Granada_-_Alhambra_-_20170721160736.jpg,,,,heritage-card,,
,Photograph,Q315/Q3062/Q3032.html,Q3085,"Granada   Alhambra, Generalife and Albayzín, Granada   20170721154400",,"https://pub-8fba570827334e7b82883893c875a08c.r2.dev/photography/places/spain/alhambra/1024px-Granada_-_Alhambra,_Generalife_and_Albayzín,_Granada_-_20170721154400.jpg",,,,heritage-card,,
,Photograph,Q315/Q3062/Q3032.html,Q3088,Delft   Oude Kerk   20160815125033,,https://pub-8fba570827334e7b82883893c875a08c.r2.dev/photography/places/netherlands/oude-kerk/1024px-Delft_-_Oude_Kerk_-_20160815125033.jpg,,,,heritage-card,,
,Photograph,Q315/Q3062/Q3032.html,Q3088,Delft   Nieuwe Kerk   20160815131926,,https://pub-8fba570827334e7b82883893c875a08c.r2.dev/photography/places/netherlands/nieuwe-kerk/1024px-Delft_-_Nieuwe_Kerk_-_20160815131926.jpg,,,,heritage-card,,
,Photograph,Q315/Q3062/Q3032.html,Q3088,Delft   Nieuwe Kerk   20160815125457,,https://pub-8fba570827334e7b82883893c875a08c.r2.dev/photography/places/netherlands/nieuwe-kerk/1024px-Delft_-_Nieuwe_Kerk_-_20160815125457.jpg,,,,heritage-card,,
,Photograph,Q315/Q3062/Q3033.html,Q3067,"Outer Pillars, Karlskirche",,"https://pub-8fba570827334e7b82883893c875a08c.r2.dev/photography/places/austria/vienna/1024px-Outer_Pillars,_Karlskirche.jpg",,,,monument-card,,
,Photograph,Q315/Q3062/Q3033.html,Q3073,Annecy   Palais de l'Isle   20150817161516,,https://pub-8fba570827334e7b82883893c875a08c.r2.dev/photography/places/france/annecy/1024px-Annecy_-_Palais_de_l'Isle_-_20150817161516.jpg,,,,monument-card,,
,Photograph,Q315/Q3062/Q3033.html,Q3073,Obélisque d'Arles 01,,https://pub-8fba570827334e7b82883893c875a08c.r2.dev/photography/places/france/arles/1024px-Obélisque_d'Arles_01.jpg,,,,monument-card,,
,Photograph,Q315/Q3062/Q3033.html,Q3074,Mitte   Berlin Cathedral   20170803181059,,https://pub-8fba570827334e7b82883893c875a08c.r2.dev/photography/places/germany/berlin/1024px-Mitte_-_Berlin_Cathedral_-_20170803181059.jpg,,,,monument-card,,
,Photograph,Q315/Q3062/Q3033.html,Q3074,Windows of Wartburg Castle,,https://pub-8fba570827334e7b82883893c875a08c.r2.dev/photography/places/germany/wartburg/1024px-Windows_of_Wartburg_Castle.jpg,,,,monument-card,,
,Photograph,Q315/Q3062/Q3033.html,Q3077,Pisa   Pisa Cathedral   20161008125143,,https://pub-8fba570827334e7b82883893c875a08c.r2.dev/photography/places/italy/pisa/1024px-Pisa_-_Pisa_Cathedral_-_20161008125143.jpg,,,,monument-card,,
,Photograph,Q315/Q3062/Q3033.html,Q3077,"Church in evening, Venice",,"https://pub-8fba570827334e7b82883893c875a08c.r2.dev/photography/places/italy/venice/1024px-Church_in_evening,_Venice.jpg",,,,monument-card,,
,Photograph,Q315/Q3062/Q3033.html,Q3082,"Tiled wall of Igrejas dos Carmelitas e do Carmo, Porto",,"https://pub-8fba570827334e7b82883893c875a08c.r2.dev/photography/places/portugal/porto/1024px-Tiled_wall_of_Igrejas_dos_Carmelitas_e_do_Carmo,_Porto.jpg",,,,monument-card,,
,Photograph,Q315/Q3062/Q3033.html,Q3082,"Door, Castelo de Guimaeres, Portugal",,"https://pub-8fba570827334e7b82883893c875a08c.r2.dev/photography/places/portugal/guimarães/1024px-Door,_Castelo_de_Guimaeres,_Portugal.jpg",,,,monument-card,,
,Photograph,Q315/Q3062/Q3033.html,Q3088,Evening Amsterdam Central station,,https://pub-8fba570827334e7b82883893c875a08c.r2.dev/photography/places/netherlands/amsterdam/1024px-Evening-Amsterdam_Central_station.jpg,,,,monument-card,,
,Photograph,Q315/Q3062/Q3033.html,Q3088,Delft   Oude Kerk   20160815125033,,https://pub-8fba570827334e7b82883893c875a08c.r2.dev/photography/places/netherlands/delft/1024px-Delft_-_Oude_Kerk_-_20160815125033.jpg,,,,monument-card,,
,Photograph,Q315/Q3062/Q3034.html,Q3070,"Bench, Copenhagen",,"https://pub-8fba570827334e7b82883893c875a08c.r2.dev/photography/places/denmark/copenhagen/1024px-Bench,_Copenhagen.jpg",,,,installation-card,,
,Photograph,Q315/Q3062/Q3034.html,Q3073,"Bench in park, Lyon",,"https://pub-8fba570827334e7b82883893c875a08c.r2.dev/photography/places/france/lyon/1024px-Bench_in_park,_Lyon.jpg",,,,installation-card,,
,Photograph,Q315/Q3062/Q3034.html,Q3077,Bench in Genoa,,https://pub-8fba570827334e7b82883893c875a08c.r2.dev/photography/places/italy/genoa/1024px-Bench_in_Genoa.jpg,,,,installation-card,,
,Photograph,Q315/Q3062/Q3034.html,Q3087,Bench in Lugano 04,,https://pub-8fba570827334e7b82883893c875a08c.r2.dev/photography/places/switzerland/lugano/1024px-Bench_in_Lugano_04.jpg,,,,installation-card,,
,Photograph,Q315/Q3062/Q3034.html,Q3087,Bench in Lugano 03,,https://pub-8fba570827334e7b82883893c875a08c.r2.dev/photography/places/switzerland/lugano/1024px-Bench_in_Lugano_03.jpg,,,,installation-card,,
,Photograph,Q315/Q3062/Q3034.html,Q3087,Bench in Lugano 02,,https://pub-8fba570827334e7b82883893c875a08c.r2.dev/photography/places/switzerland/lugano/1024px-Bench_in_Lugano_02.jpg,,,,installation-card,,
,Photograph,Q315/Q3062/Q3034.html,Q3087,Bench in Lugano 01,,https://pub-8fba570827334e7b82883893c875a08c.r2.dev/photography/places/switzerland/lugano/1024px-Bench_in_Lugano_01.jpg,,,,installation-card,,
,Photograph,Q315/Q3062/Q3035.html,Q3216,Lake Pavin,,https://pub-8fba570827334e7b82883893c875a08c.r2.dev/photography/places/highlights/auvergne/1024px-Lake_Pavin.jpg,,,,lake-card,,
,Photograph,Q315/Q3062/Q3036.html,Q3073,View of Biol (Haut Biol) 47,,https://pub-8fba570827334e7b82883893c875a08c.r2.dev/photography/places/france/biol/1024px-View_of_Biol_(Haut-Biol)_47.jpg,,,,tree-card,,
,Photograph,Q315/Q3062/Q3036.html,Q3073,View of Biol (Haut Biol) 30,,https://pub-8fba570827334e7b82883893c875a08c.r2.dev/photography/places/france/biol/1024px-View_of_Biol_(Haut-Biol)_30.jpg,,,,tree-card,,
,Photograph,Q315/Q3062/Q3036.html,Q3073,Street view of Loupian 15,,https://pub-8fba570827334e7b82883893c875a08c.r2.dev/photography/places/france/loupian/1024px-Street_view_of_Loupian_15.jpg,,,,tree-card,,
,Photograph,Q315/Q3062/Q3036.html,Q3082,"Tree, Pavilhão Rosa Mota, Porto",,"https://pub-8fba570827334e7b82883893c875a08c.r2.dev/photography/places/portugal/porto/1024px-Tree,_Pavilhão_Rosa_Mota,_Porto.jpg",,,,tree-card,,
,Photograph,Q315/Q3062/Q3036.html,Q3082,Cloister of Saint Amaro (Sé de Braga) 12,,https://pub-8fba570827334e7b82883893c875a08c.r2.dev/photography/places/portugal/porto/1024px-Cloister_of_Saint_Amaro_(Sé_de_Braga)_12.jpg,,,,tree-card,,
,Photograph,Q315/Q3062/Q3037.html,Q3073,Lake Pavin,,https://pub-8fba570827334e7b82883893c875a08c.r2.dev/photography/places/france/auvergne/1024px-Lake_Pavin.jpg,,,,nature-card,,
,Photograph,Q315/Q3062/Q3037.html,Q3073,Cattle in snow in Auvergne,,https://pub-8fba570827334e7b82883893c875a08c.r2.dev/photography/places/france/auvergne/1024px-Cattle_in_snow_in_Auvergne.jpg,,,,nature-card,,
,Photograph,Q315/Q3062/Q3037.html,Q3073,Bright Yellow flower,,https://pub-8fba570827334e7b82883893c875a08c.r2.dev/photography/places/france/auvergne/1024px-Bright_Yellow_flower.jpg,,,,nature-card,,
,Photograph,Q315/Q3062/Q3037.html,Q3073,Gaze of a horse,,https://pub-8fba570827334e7b82883893c875a08c.r2.dev/photography/places/france/auvergne/1024px-Gaze_of_a_horse.jpg,,,,nature-card,,
,Photograph,Q315/Q3062/Q3037.html,Q3073,Field in Drôme 04,,https://pub-8fba570827334e7b82883893c875a08c.r2.dev/photography/places/france/drôme/1024px-Field_in_Drôme_04.jpg,,,,nature-card,,
,Photograph,Q315/Q3062/Q3037.html,Q3073,Field in Drôme 07,,https://pub-8fba570827334e7b82883893c875a08c.r2.dev/photography/places/france/drôme/1024px-Field_in_Drôme_07.jpg,,,,nature-card,,
,Photograph,Q315/Q3062/Q3037.html,Q3073,Flower in nature,,https://pub-8fba570827334e7b82883893c875a08c.r2.dev/photography/places/france/auvergne/1024px-Flower_in_nature.jpg,,,,nature-card,,
,Photograph,Q315/Q3062/Q3037.html,Q3073,"Fractals or Trees, Lyon",,"https://pub-8fba570827334e7b82883893c875a08c.r2.dev/photography/places/france/lyon/1024px-Fractals_or_Trees,_Lyon.jpg",,,,nature-card,,
,Photograph,Q315/Q3062/Q3037.html,Q3073,Autumn leaves in Mons 02,,https://pub-8fba570827334e7b82883893c875a08c.r2.dev/photography/places/france/mons/1024px-Autumn_leaves_in_Mons_02.jpg,,,,nature-card,,
,Photograph,Q315/Q3062/Q3037.html,Q3073,Mudflat of Mont Saint Michel 08,,https://pub-8fba570827334e7b82883893c875a08c.r2.dev/photography/places/france/mont-saint-michel/1024px-Mudflat_of_Mont_Saint-Michel_08.jpg,,,,nature-card,,
,Photograph,Q315/Q3062/Q3037.html,Q3073,Yellow flowers in nature,,https://pub-8fba570827334e7b82883893c875a08c.r2.dev/photography/places/france/occitanie/1024px-Yellow_flowers_in_nature.jpg,,,,nature-card,,
,Photograph,Q315/Q3062/Q3037.html,Q3073,Tree branches with some leaves,,https://pub-8fba570827334e7b82883893c875a08c.r2.dev/photography/places/france/occitanie/1024px-Tree_branches_with_some_leaves.jpg,,,,nature-card,,
,Photograph,Q315/Q3062/Q3037.html,Q3085,Red flowers in Bilbao,,https://pub-8fba570827334e7b82883893c875a08c.r2.dev/photography/places/spain/bilbao/1024px-Red_flowers_in_Bilbao.jpg,,,,nature-card,,
,Photograph,Q315/Q3062/Q3038.html,Q3087,"Night lights, Lugano",,"https://pub-8fba570827334e7b82883893c875a08c.r2.dev/photography/places/switzerland/lugano/1024px-Night_lights,_Lugano.jpg",,,,nightlife-card,,
,Photograph,Q315/Q3062/Q3039.html,Q3216,Dandelion in nature,,https://pub-8fba570827334e7b82883893c875a08c.r2.dev/photography/places/highlights/dandelion/1024px-Dandelion_in_nature.jpg,,,,plant-card,,
,Photograph,Q315/Q3062/Q3040.html,Q3226,"Regenbogen Parade, Vienna 2019",,"https://pub-8fba570827334e7b82883893c875a08c.r2.dev/photography/1024px-Regenbogen_Parade,_Vienna_2019.jpg",,,2019,photo-card,,
,Photograph,Q315/Q3062/Q3040.html,Q3226,"Pride Village, Europride Vienna 2019",,"https://pub-8fba570827334e7b82883893c875a08c.r2.dev/photography/1024px-Pride_Village,_Europride_Vienna_2019.jpg",,,2019,photo-card,,
,Photograph,Q315/Q3062/Q3040.html,Q3226,"Religions for Equality, Europride Vienna 2019",,"https://pub-8fba570827334e7b82883893c875a08c.r2.dev/photography/1024px-Religions_for_Equality,_Europride_Vienna_2019.jpg",,,2019,photo-card,,
,Photograph,Q315/Q3062/Q3040.html,Q3226,"Pride@work, Europride Vienna 2019",,"https://pub-8fba570827334e7b82883893c875a08c.r2.dev/photography/1024px-Pride@work,_Europride_Vienna_2019.jpg",,,2019,photo-card,,
,Photograph,Q315/Q3062/Q3040.html,Q3226,"Diplomats for Equality, Europride Vienna 2019",,"https://pub-8fba570827334e7b82883893c875a08c.r2.dev/photography/1024px-Diplomats_for_Equality,_Europride_Vienna_2019.jpg",,,2019,photo-card,,
,Photograph,Q315/Q3062/Q3040.html,Q3227,"Paris est fiere.e bus, Paris Pride 2019",,"https://pub-8fba570827334e7b82883893c875a08c.r2.dev/photography/1024px-Paris_est_fiere.e_bus,_Paris_Pride_2019.jpg",,,2019,photo-card,,
,Photograph,Q315/Q3062/Q3040.html,Q3227,"Acceptance matters, Paris Pride 2019",,"https://pub-8fba570827334e7b82883893c875a08c.r2.dev/photography/1024px-Acceptance_matters,_Paris_Pride_2019.jpg",,,2019,photo-card,,
,Photograph,Q315/Q3062/Q3040.html,Q3227,"Papers of love, Paris Pride 2019",,"https://pub-8fba570827334e7b82883893c875a08c.r2.dev/photography/1024px-Papers_of_love,_Paris_Pride_2019.jpg",,,2019,photo-card,,
,Photograph,Q315/Q3062/Q3040.html,Q3227,"Pensive mood, Paris Pride 2019",,"https://pub-8fba570827334e7b82883893c875a08c.r2.dev/photography/1024px-Pensive_mood,_Paris_Pride_2019.jpg",,,2019,photo-card,,
,Photograph,Q315/Q3062/Q3040.html,Q3227,"Zérophobie, Paris Pride 2019",,"https://pub-8fba570827334e7b82883893c875a08c.r2.dev/photography/1024px-Zérophobie,_Paris_Pride_2019.jpg",,,2019,photo-card,,
,Photograph,Q315/Q3062/Q3040.html,Q3227,"Flying Kiss, Paris Pride 2019",,"https://pub-8fba570827334e7b82883893c875a08c.r2.dev/photography/1024px-Flying_Kiss,_Paris_Pride_2019.jpg",,,2019,photo-card,,
,Photograph,Q315/Q3062/Q3040.html,Q3227,"Together, Paris Pride 2019",,"https://pub-8fba570827334e7b82883893c875a08c.r2.dev/photography/1024px-Together,_Paris_Pride_2019.jpg",,,2019,photo-card,,
,Photograph,Q315/Q3062/Q3040.html,Q3227,"CFDT, Paris Pride 2019",,"https://pub-8fba570827334e7b82883893c875a08c.r2.dev/photography/1024px-CFDT,_Paris_Pride_2019.jpg",,,2019,photo-card,,
,Photograph,Q315/Q3062/Q3040.html,Q3227,"Shower Time, Paris Pride 2019",,"https://pub-8fba570827334e7b82883893c875a08c.r2.dev/photography/1024px-Shower_Time,_Paris_Pride_2019.jpg",,,2019,photo-card,,
,Photograph,Q315/Q3062/Q3040.html,Q3227,"SOS Homophobie truck, Paris Pride 2019",,"https://pub-8fba570827334e7b82883893c875a08c.r2.dev/photography/1024px-SOS_Homophobie_truck,_Paris_Pride_2019.jpg",,,2019,photo-card,,
,Photograph,Q315/Q3062/Q3040.html,Q3227,"Sisters of Perpetual Indulgence, Paris Pride 2019",,"https://pub-8fba570827334e7b82883893c875a08c.r2.dev/photography/1024px-Sisters_of_Perpetual_Indulgence,_Paris_Pride_2019.jpg",,,2019,photo-card,,
,Photograph,Q315/Q3062/Q3040.html,Q3227,"Umbrellas of Sisters of Perpetual Indulgence, Paris Pride 2019",,"https://pub-8fba570827334e7b82883893c875a08c.r2.dev/photography/1024px-Umbrellas_of_Sisters_of_Perpetual_Indulgence,_Paris_Pride_2019.jpg",,,2019,photo-card,,
,Photograph,Q315/Q3062/Q3040.html,Q3227,"Discussion, Sisters of Perpetual Indulgence, Paris Pride 2019",,"https://pub-8fba570827334e7b82883893c875a08c.r2.dev/photography/1024px-Discussion,_Sisters_of_Perpetual_Indulgence,_Paris_Pride_2019.jpg",,,2019,photo-card,,
,Photograph,Q315/Q3062/Q3040.html,Q3227,"Rainbow Angels, Paris Pride 2019",,"https://pub-8fba570827334e7b82883893c875a08c.r2.dev/photography/1024px-Rainbow_Angels,_Paris_Pride_2019.jpg",,,2019,photo-card,,
,Photograph,Q315/Q3062/Q3040.html,Q3227,"LGBTech, Paris Pride 2019",,"https://pub-8fba570827334e7b82883893c875a08c.r2.dev/photography/1024px-LGBTech,_Paris_Pride_2019.jpg",,,2019,photo-card,,
,Photograph,Q315/Q3062/Q3040.html,Q3228,"Flags of Diversity, Pride Lyon 2016",,"https://pub-8fba570827334e7b82883893c875a08c.r2.dev/photography/1024px-Flags_of_Diversity,_Pride_Lyon_2016.jpg",,,2016,photo-card,,
,Photograph,Q315/Q3062/Q3040.html,Q3228,"Raising of Flag, Pride Lyon 2018",,"https://pub-8fba570827334e7b82883893c875a08c.r2.dev/photography/1024px-Raising_of_Flag,_Pride_Lyon_2018.jpg",,,2018,photo-card,,
,Photograph,Q315/Q3062/Q3040.html,Q3228,"Flag, Pride Lyon 2018",,"https://pub-8fba570827334e7b82883893c875a08c.r2.dev/photography/1024px-Flag,_Pride_Lyon_2018.jpg",,,2018,photo-card,,
,Photograph,Q315/Q3062/Q3040.html,Q3228,"Flags, Pride Lyon 2018",,"https://pub-8fba570827334e7b82883893c875a08c.r2.dev/photography/1024px-Flags,_Pride_Lyon_2018.jpg",,,2018,photo-card,,
,Photograph,Q315/Q3062/Q3040.html,Q3228,Pride Lyon 2018,,https://pub-8fba570827334e7b82883893c875a08c.r2.dev/photography/1024px-Pride_Lyon_2018.jpg,,,2018,photo-card,,
,Photograph,Q315/Q3062/Q3040.html,Q3228,Marche des fiertés Lyon 2022,,https://pub-8fba570827334e7b82883893c875a08c.r2.dev/photography/1024px-Marche_des_fiertés_Lyon_2022.jpg,,,2022,photo-card,,
,Photograph,Q315/Q3062/Q3040.html,Q3228,Marche des fiertés Lyon 2022   pancarte,,https://pub-8fba570827334e7b82883893c875a08c.r2.dev/photography/1024px-Marche_des_fiertés_Lyon_2022_-_pancarte.jpg,,,2022,photo-card,,
,Photograph,Q315/Q3062/Q3040.html,Q3228,Marche des fiertés Lyon 2022 marche,,https://pub-8fba570827334e7b82883893c875a08c.r2.dev/photography/1024px-Marche_des_fiertés_Lyon_2022_marche.jpg,,,2022,photo-card,,
,Photograph,Q315/Q3062/Q3041.html,Q3229,Baltic Sea and Cloud,,https://pub-8fba570827334e7b82883893c875a08c.r2.dev/photography/places/baltic-sea/baltic-sea/1024px-Baltic_Sea_and_Cloud.jpg,,,,reflection-card,,
,Photograph,Q315/Q3062/Q3041.html,Q3068,Reflection of buildings in water,,https://pub-8fba570827334e7b82883893c875a08c.r2.dev/photography/places/belgium/bruges/1024px-Reflection_of_buildings_in_water.jpg,,,,reflection-card,,
,Photograph,Q315/Q3062/Q3041.html,Q3070,"Reflection of Church of Holmen, Copenhagen",,"https://pub-8fba570827334e7b82883893c875a08c.r2.dev/photography/places/denmark/copenhagen/1024px-Reflection_of_Church_of_Holmen,_Copenhagen.jpg",,,,reflection-card,,
,Photograph,Q315/Q3062/Q3041.html,Q3070,Reflection of Church of Holmen in Copenhagen,,https://pub-8fba570827334e7b82883893c875a08c.r2.dev/photography/places/denmark/copenhagen/1024px-Reflection_of_Church_of_Holmen_in_Copenhagen.jpg,,,,reflection-card,,
,Photograph,Q315/Q3062/Q3041.html,Q3073,"Reflection, Lyon",,"https://pub-8fba570827334e7b82883893c875a08c.r2.dev/photography/places/france/lyon/1024px-Reflection,_Lyon.jpg",,,,reflection-card,,
,Photograph,Q315/Q3062/Q3041.html,Q3073,"Reflection of trees and clouds, Lyon",,"https://pub-8fba570827334e7b82883893c875a08c.r2.dev/photography/places/france/lyon/1024px-Reflection_of_trees_and_clouds,_Lyon.jpg",,,,reflection-card,,
,Photograph,Q315/Q3062/Q3041.html,Q3073,"Reflection, Pont en Rayons",,"https://pub-8fba570827334e7b82883893c875a08c.r2.dev/photography/places/france/pont-en-royans/1024px-Reflection,_Pont-en-Rayons.jpg",,,,reflection-card,,
,Photograph,Q315/Q3062/Q3041.html,Q3073,View of Pont en Royans 08,,https://pub-8fba570827334e7b82883893c875a08c.r2.dev/photography/places/france/pont-en-royans/1024px-View_of_Pont-en-Royans_08.jpg,,,,reflection-card,,
,Photograph,Q315/Q3062/Q3041.html,Q3073,"Reflection, Villeurbanne",,"https://pub-8fba570827334e7b82883893c875a08c.r2.dev/photography/places/france/villeurbanne/1024px-Reflection,_Villeurbanne.jpg",,,,reflection-card,,
,Photograph,Q315/Q3062/Q3041.html,Q3074,"Reflection, Leipzig",,"https://pub-8fba570827334e7b82883893c875a08c.r2.dev/photography/places/germany/leipzig/1024px-Reflection,_Leipzig.jpg",,,,reflection-card,,
,Photograph,Q315/Q3062/Q3041.html,Q3077,Reflection of buildings in Pisa 01,,https://pub-8fba570827334e7b82883893c875a08c.r2.dev/photography/places/italy/pisa/1024px-Reflection_of_buildings_in_Pisa_01.jpg,,,,reflection-card,,
,Photograph,Q315/Q3062/Q3041.html,Q3077,Reflection of buildings in Pisa 06,,https://pub-8fba570827334e7b82883893c875a08c.r2.dev/photography/places/italy/pisa/1024px-Reflection_of_buildings_in_Pisa_06.jpg,,,,reflection-card,,
,Photograph,Q315/Q3062/Q3041.html,Q3077,Reflection of buildings in Pisa 03,,https://pub-8fba570827334e7b82883893c875a08c.r2.dev/photography/places/italy/pisa/1024px-Reflection_of_buildings_in_Pisa_03.jpg,,,,reflection-card,,
,Photograph,Q315/Q3062/Q3041.html,Q3081,"Buildings, Gdansk",,"https://pub-8fba570827334e7b82883893c875a08c.r2.dev/photography/places/poland/gdańsk/1024px-Buildings,_Gdansk.jpg",,,,reflection-card,,
,Photograph,Q315/Q3062/Q3041.html,Q3081,"Museum and its reflection, Gdansk",,"https://pub-8fba570827334e7b82883893c875a08c.r2.dev/photography/places/poland/gdańsk/1024px-Museum_and_its_reflection,_Gdansk.jpg",,,,reflection-card,,
,Photograph,Q315/Q3062/Q3041.html,Q3081,Reflection of building In Gdansk,,https://pub-8fba570827334e7b82883893c875a08c.r2.dev/photography/places/poland/gdańsk/1024px-Reflection_of_building_In_Gdansk.jpg,,,,reflection-card,,
,Photograph,Q315/Q3062/Q3041.html,Q3087,"Jet d'eau, Geneva",,"https://pub-8fba570827334e7b82883893c875a08c.r2.dev/photography/places/switzerland/geneva/1024px-Jet_d'eau,_Geneva.jpg",,,,reflection-card,,
,Photograph,Q315/Q3062/Q3042.html,Q3069,Plants and trees in Adršpašsko teplické skály 01,,https://pub-8fba570827334e7b82883893c875a08c.r2.dev/photography/places/czech-republic/adršpašsko-teplické-skály/1024px-Plants_and_trees_in_Adršpašsko-teplické_skály_01.jpg,,,,repetition-card portrait,,
,Photograph,Q315/Q3062/Q3042.html,Q3073,Cistern of the Chaplaincy of the Mont Saint Michel Abbey 03,,https://pub-8fba570827334e7b82883893c875a08c.r2.dev/photography/places/france/mont-saint-michel/1024px-Cistern_of_the_Chaplaincy_of_the_Mont_Saint-Michel_Abbey_03.jpg,,,,repetition-card,,
,Photograph,Q315/Q3062/Q3042.html,Q3073,Field in Drôme 01,,https://pub-8fba570827334e7b82883893c875a08c.r2.dev/photography/places/france/drôme/1024px-Field_in_Drôme_01.jpg,,,,repetition-card,,
,Photograph,Q315/Q3062/Q3042.html,Q3073,Aqueduc de Saint Nazaire en Royans 01,,https://pub-8fba570827334e7b82883893c875a08c.r2.dev/photography/places/france/saint-nazaire-en-royans/1024px-Aqueduc_de_Saint-Nazaire-en-Royans_01.jpg,,,,repetition-card,,
,Photograph,Q315/Q3062/Q3042.html,Q3074,Windows of Wartburg Castle,,https://pub-8fba570827334e7b82883893c875a08c.r2.dev/photography/places/germany/wartburg/1024px-Windows_of_Wartburg_Castle.jpg,,,,repetition-card,,
,Photograph,Q315/Q3062/Q3042.html,Q3077,Gondolas in Venice,,https://pub-8fba570827334e7b82883893c875a08c.r2.dev/photography/places/italy/venice/1024px-Gondolas_in_Venice.jpg,,,,repetition-card,,
,Photograph,Q315/Q3062/Q3042.html,Q3082,Columns near Sé Catedral de Aveiro,,https://pub-8fba570827334e7b82883893c875a08c.r2.dev/photography/places/portugal/aveiro/1024px-Columns_near_Sé_Catedral_de_Aveiro.jpg,,,,repetition-card,,
,Photograph,Q315/Q3062/Q3042.html,Q3082,Buildings in Porto 12,,https://pub-8fba570827334e7b82883893c875a08c.r2.dev/photography/places/portugal/porto/1024px-Buildings_in_Porto_12.jpg,,,,repetition-card,,
,Photograph,Q315/Q3062/Q3042.html,Q3085,"Alhambra, Granada 2016",,"https://pub-8fba570827334e7b82883893c875a08c.r2.dev/photography/places/spain/alhambra/1024px-Alhambra,_Granada-2016.jpg",,,,repetition-card,,
,Photograph,Q315/Q3062/Q3042.html,Q3087,"Tree lined path, Lugano 01",,"https://pub-8fba570827334e7b82883893c875a08c.r2.dev/photography/places/switzerland/lugano/1024px-Tree-lined_path,_Lugano_01.jpg",,,,repetition-card portrait,,
,Photograph,Q315/Q3062/Q3043.html,Q3216,Delft   Oude Kerk   20160815125033,,https://pub-8fba570827334e7b82883893c875a08c.r2.dev/photography/places/highlights/delft/1024px-Delft_-_Oude_Kerk_-_20160815125033.jpg,,,,river-card,,
,Photograph,Q315/Q3062/Q3043.html,Q3216,"Sailboat, Porto",,"https://pub-8fba570827334e7b82883893c875a08c.r2.dev/photography/places/highlights/porto/1024px-Sailboat,_Porto.jpg",,,,river-card,,
,Photograph,Q315/Q3062/Q3043.html,Q3216,"Boats at dusk, Porto",,"https://pub-8fba570827334e7b82883893c875a08c.r2.dev/photography/places/highlights/porto/1024px-Boats_at_dusk,_Porto.jpg",,,,river-card,,
,Photograph,Q315/Q3062/Q3043.html,Q3216,"Boats, Porto",,"https://pub-8fba570827334e7b82883893c875a08c.r2.dev/photography/places/highlights/porto/1024px-Boats,_Porto.jpg",,,,river-card,,
,Photograph,Q315/Q3062/Q3043.html,Q3216,Bridge on Daugava River,,https://pub-8fba570827334e7b82883893c875a08c.r2.dev/photography/places/highlights/riga/1024px-Bridge_on_Daugava_River.jpg,,,,river-card,,
,Photograph,Q315/Q3062/Q3043.html,Q3216,"Train, Bridge on Daugava River",,"https://pub-8fba570827334e7b82883893c875a08c.r2.dev/photography/places/highlights/riga/1024px-Train,_Bridge_on_Daugava_River.jpg",,,,river-card,,
,Photograph,Q315/Q3062/Q3044.html,Q3069,"Rocks, Adršpašsko teplické skály",,"https://pub-8fba570827334e7b82883893c875a08c.r2.dev/photography/places/czech-republic/adršpašsko-teplické-skály/1024px-Rocks,_Adršpašsko-teplické_skály.jpg",,,,rock-card,,
,Photograph,Q315/Q3062/Q3044.html,Q3069,Rocks in Adršpach Teplice,,https://pub-8fba570827334e7b82883893c875a08c.r2.dev/photography/places/czech-republic/adršpašsko-teplické-skály/1024px-Rocks_in_Adršpach-Teplice.jpg,,,,rock-card,,
,Photograph,Q315/Q3062/Q3044.html,Q3069,Rock formations in Adršpašsko teplické skály 03,,https://pub-8fba570827334e7b82883893c875a08c.r2.dev/photography/places/czech-republic/adršpašsko-teplické-skály/1024px-Rock_formations_in_Adršpašsko-teplické_skály_03.jpg,,,,rock-card,,
,Photograph,Q315/Q3062/Q3044.html,Q3069,Rock formations in Adršpašsko teplické skály 06,,https://pub-8fba570827334e7b82883893c875a08c.r2.dev/photography/places/czech-republic/adršpašsko-teplické-skály/1024px-Rock_formations_in_Adršpašsko-teplické_skály_06.jpg,,,,rock-card,,
,Photograph,Q315/Q3062/Q3044.html,Q3069,Rock formations in Adršpašsko teplické skály 07,,https://pub-8fba570827334e7b82883893c875a08c.r2.dev/photography/places/czech-republic/adršpašsko-teplické-skály/1024px-Rock_formations_in_Adršpašsko-teplické_skály_07.jpg,,,,rock-card,,
,Photograph,Q315/Q3062/Q3044.html,Q3069,Rock Formations in Adršpašsko teplické skály 13,,https://pub-8fba570827334e7b82883893c875a08c.r2.dev/photography/places/czech-republic/adršpašsko-teplické-skály/1024px-Rock_Formations_in_Adršpašsko-teplické_skály_13.jpg,,,,rock-card,,
,Photograph,Q315/Q3062/Q3044.html,Q3069,Rock formations in Adršpašsko teplické skály 14,,https://pub-8fba570827334e7b82883893c875a08c.r2.dev/photography/places/czech-republic/adršpašsko-teplické-skály/1024px-Rock_formations_in_Adršpašsko-teplické_skály_14.jpg,,,,rock-card,,
,Photograph,Q315/Q3062/Q3044.html,Q3069,Rock Formations in Adršpašsko teplické skály 41,,https://pub-8fba570827334e7b82883893c875a08c.r2.dev/photography/places/czech-republic/adršpašsko-teplické-skály/1024px-Rock_Formations_in_Adršpašsko-teplické_skály_41.jpg,,,,rock-card,,
,Photograph,Q315/Q3062/Q3044.html,Q3069,Rock formations in Adršpašsko teplické skály 45,,https://pub-8fba570827334e7b82883893c875a08c.r2.dev/photography/places/czech-republic/adršpašsko-teplické-skály/1024px-Rock_formations_in_Adršpašsko-teplické_skály_45.jpg,,,,rock-card,,
,Photograph,Q315/Q3062/Q3044.html,Q3073,Yachts seen from Calanques,,https://pub-8fba570827334e7b82883893c875a08c.r2.dev/photography/places/france/marseille/1024px-Yachts_seen_from_Calanques.jpg,,,,rock-card,,
,Photograph,Q315/Q3062/Q3044.html,Q3073,View of Sea from Calanques,,https://pub-8fba570827334e7b82883893c875a08c.r2.dev/photography/places/france/marseille/1024px-View_of_Sea_from_Calanques.jpg,,,,rock-card,,
,Photograph,Q315/Q3062/Q3044.html,Q3077,"Sea Gull, Venice Beach",,"https://pub-8fba570827334e7b82883893c875a08c.r2.dev/photography/places/italy/venice/1024px-Sea_Gull,_Venice_Beach.jpg",,,,rock-card,,
,Photograph,Q315/Q3062/Q3045.html,,Baltic Sea and Cloud,,https://pub-8fba570827334e7b82883893c875a08c.r2.dev/photography/1024px-Baltic_Sea_and_Cloud.jpg,,,,sea-card,,
,Photograph,Q315/Q3062/Q3045.html,,"Wind Turbines, Baltic Sea",,"https://pub-8fba570827334e7b82883893c875a08c.r2.dev/photography/1024px-Wind_Turbines,_Baltic_Sea.jpg",,,,sea-card,,
,Photograph,Q315/Q3062/Q3045.html,,"Clear sea water, Heraklion",,"https://pub-8fba570827334e7b82883893c875a08c.r2.dev/photography/1024px-Clear_sea_water,_Heraklion.jpg",,,,sea-card,,
,Photograph,Q315/Q3062/Q3045.html,,View of Sea from Calanques,,https://pub-8fba570827334e7b82883893c875a08c.r2.dev/photography/1024px-View_of_Sea_from_Calanques.jpg,,,,sea-card,,
,Photograph,Q315/Q3062/Q3045.html,,Yachts seen from Calanques,,https://pub-8fba570827334e7b82883893c875a08c.r2.dev/photography/1024px-Yachts_seen_from_Calanques.jpg,,,,sea-card,,
,Photograph,Q315/Q3062/Q3045.html,,"Skyline, Rotterdam",,"https://pub-8fba570827334e7b82883893c875a08c.r2.dev/photography/1024px-Skyline,_Rotterdam.jpg",,,,sea-card,,
,Photograph,Q315/Q3062/Q3045.html,,"Street light, Stockholm",,"https://pub-8fba570827334e7b82883893c875a08c.r2.dev/photography/1024px-Street_light,_Stockholm.jpg",,,,sea-card,,
,Photograph,Q315/Q3062/Q3045.html,,"Evening sky, Venice",,"https://pub-8fba570827334e7b82883893c875a08c.r2.dev/photography/places/italy/venice/1024px-Evening_sky,_Venice.jpg",,,,sea-card,,
,Photograph,Q315/Q3062/Q3045.html,,"Sunset and Sea, Venice",,"https://pub-8fba570827334e7b82883893c875a08c.r2.dev/photography/places/italy/venice/1024px-Sunset_and_Sea,_Venice.jpg",,,,sea-card,,
,Photograph,Q315/Q3062/Q3045.html,,"Church in evening, Venice",,"https://pub-8fba570827334e7b82883893c875a08c.r2.dev/photography/places/italy/venice/1024px-Church_in_evening,_Venice.jpg",,,,sea-card,,
,Photograph,Q315/Q3062/Q3045.html,,"Gondolas, Venice",,"https://pub-8fba570827334e7b82883893c875a08c.r2.dev/photography/1024px-Gondolas,_Venice.jpg",,,,sea-card,,
,Photograph,Q315/Q3062/Q3045.html,,Gondolas in Venice,,https://pub-8fba570827334e7b82883893c875a08c.r2.dev/photography/1024px-Gondolas_in_Venice.jpg,,,,sea-card,,
,Photograph,Q315/Q3062/Q3045.html,,"Sea Gull, Venice Beach",,"https://pub-8fba570827334e7b82883893c875a08c.r2.dev/photography/1024px-Sea_Gull,_Venice_Beach.jpg",,,,sea-card,,
,Photograph,Q315/Q3062/Q3047.html,Q3216,"Train station, Porto",,"https://pub-8fba570827334e7b82883893c875a08c.r2.dev/photography/places/highlights/porto/1024px-Train_station,_Porto.jpg",,,,station-card,,
,Photograph,Q315/Q3062/Q3048.html,Q3068,"Doors and Statues, Bruges",,"https://pub-8fba570827334e7b82883893c875a08c.r2.dev/photography/places/belgium/bruges/1024px-Doors_and_Statues,_Bruges.jpg",,,,statue-card,,
,Photograph,Q315/Q3062/Q3048.html,Q3070,"Statue of Nilen, Copenhagen",,"https://pub-8fba570827334e7b82883893c875a08c.r2.dev/photography/places/denmark/copenhagen/1024px-Statue_of_Nilen,_Copenhagen.jpg",,,,statue-card,,
,Photograph,Q315/Q3062/Q3048.html,Q3073,View of Abbey of Mont Saint Michel 05,,https://pub-8fba570827334e7b82883893c875a08c.r2.dev/photography/places/france/mont-saint-michel/1024px-View_of_Abbey_of_Mont_Saint-Michel_05.jpg,,,,statue-card,,
,Photograph,Q315/Q3062/Q3048.html,Q3073,Eglise Saint Pierre du Mont Saint Michel 01,,https://pub-8fba570827334e7b82883893c875a08c.r2.dev/photography/places/france/mont-saint-michel/1024px-Eglise_Saint-Pierre_du_Mont_Saint-Michel_01.jpg,,,,statue-card,,
,Photograph,Q315/Q3062/Q3048.html,Q3073,Fountain of the Place Royale in Nantes in Winter,,https://pub-8fba570827334e7b82883893c875a08c.r2.dev/photography/places/france/nantes/1024px-Fountain_of_the_Place_Royale_in_Nantes_in_Winter.jpg,,,,statue-card,,
,Photograph,Q315/Q3062/Q3048.html,Q3073,"Notre Dame de la Salette, Sète 05",,"https://pub-8fba570827334e7b82883893c875a08c.r2.dev/photography/places/france/sète/1024px-Notre-Dame_de_la_Salette,_Sète_05.jpg",,,,statue-card,,
,Photograph,Q315/Q3062/Q3048.html,Q3074,Interior of Veste Coburg 04,,https://pub-8fba570827334e7b82883893c875a08c.r2.dev/photography/places/germany/coburg/1024px-Interior_of_Veste_Coburg_04.jpg,,,,statue-card,,
,Photograph,Q315/Q3062/Q3048.html,Q3082,"Statue, Porto",,"https://pub-8fba570827334e7b82883893c875a08c.r2.dev/photography/places/portugal/porto/1024px-Statue,_Porto.jpg",,,,statue-card,,
,Photograph,Q315/Q3062/Q3048.html,Q3085,Statue of Giuseppe Verdi in Bilbao,,https://pub-8fba570827334e7b82883893c875a08c.r2.dev/photography/places/spain/bilbao/1024px-Statue_of_Giuseppe_Verdi_in_Bilbao.jpg,,,,statue-card,,
,Photograph,Q315/Q3062/Q3049.html,Q3070,"Street art, Copenhagen",,"https://pub-8fba570827334e7b82883893c875a08c.r2.dev/photography/places/denmark/copenhagen/1024px-Street_art,_Copenhagen.jpg",,,,art-card,,
,Photograph,Q315/Q3062/Q3049.html,Q3070,"Street art in Copenhagen, Denmark",,"https://pub-8fba570827334e7b82883893c875a08c.r2.dev/photography/places/denmark/copenhagen/1024px-Street_art_in_Copenhagen,_Denmark.jpg",,,,art-card,,
,Photograph,Q315/Q3062/Q3049.html,Q3073,Stickers on street pump,,https://pub-8fba570827334e7b82883893c875a08c.r2.dev/photography/places/france/marseille/1024px-Stickers_on_street-pump.jpg,,,,art-card,,
,Photograph,Q315/Q3062/Q3049.html,Q3074,"Optical Illusion, Berlin",,"https://pub-8fba570827334e7b82883893c875a08c.r2.dev/photography/places/germany/berlin/1024px-Optical_Illusion,_Berlin.jpg",,,,art-card,,
,Photograph,Q315/Q3062/Q3049.html,Q3082,Street light of Aveiro 04,,https://pub-8fba570827334e7b82883893c875a08c.r2.dev/photography/places/portugal/aveiro/1024px-Street_light_of_Aveiro_04.jpg,,,,art-card,,
,Photograph,Q315/Q3062/Q3050.html,Q3067,Street light in Vienna 01,,https://pub-8fba570827334e7b82883893c875a08c.r2.dev/photography/places/austria/vienna/1024px-Street_light_in_Vienna_01.jpg,,,,light-card,,
,Photograph,Q315/Q3062/Q3050.html,Q3068,Street light in Antwerp 01,,https://pub-8fba570827334e7b82883893c875a08c.r2.dev/photography/places/belgium/antwerp/1024px-Street_light_in_Antwerp_01.jpg,,,,light-card,,
,Photograph,Q315/Q3062/Q3050.html,Q3068,Street light in Antwerp 09,,https://pub-8fba570827334e7b82883893c875a08c.r2.dev/photography/places/belgium/antwerp/1024px-Street_light_in_Antwerp_09.jpg,,,,light-card,,
,Photograph,Q315/Q3062/Q3050.html,Q3068,Street light in Antwerp 05,,https://pub-8fba570827334e7b82883893c875a08c.r2.dev/photography/places/belgium/antwerp/1024px-Street_light_in_Antwerp_05.jpg,,,,light-card,,
,Photograph,Q315/Q3062/Q3050.html,Q3068,Street light in Antwerp 07,,https://pub-8fba570827334e7b82883893c875a08c.r2.dev/photography/places/belgium/antwerp/1024px-Street_light_in_Antwerp_07.jpg,,,,light-card,,
,Photograph,Q315/Q3062/Q3050.html,Q3068,Street light in Antwerp 08,,https://pub-8fba570827334e7b82883893c875a08c.r2.dev/photography/places/belgium/antwerp/1024px-Street_light_in_Antwerp_08.jpg,,,,light-card,,
,Photograph,Q315/Q3062/Q3050.html,Q3068,Street light in Antwerp 03,,https://pub-8fba570827334e7b82883893c875a08c.r2.dev/photography/places/belgium/antwerp/1024px-Street_light_in_Antwerp_03.jpg,,,,light-card,,
,Photograph,Q315/Q3062/Q3050.html,Q3069,Street light in Prague 07,,https://pub-8fba570827334e7b82883893c875a08c.r2.dev/photography/places/czech-republic/prague/1024px-Street_light_in_Prague_07.jpg,,,,light-card,,
,Photograph,Q315/Q3062/Q3050.html,Q3069,Street light in Prague 03,,https://pub-8fba570827334e7b82883893c875a08c.r2.dev/photography/places/czech-republic/prague/1024px-Street_light_in_Prague_03.jpg,,,,light-card,,
,Photograph,Q315/Q3062/Q3050.html,Q3069,Street light in Prague 05,,https://pub-8fba570827334e7b82883893c875a08c.r2.dev/photography/places/czech-republic/prague/1024px-Street_light_in_Prague_05.jpg,,,,light-card,,
,Photograph,Q315/Q3062/Q3050.html,Q3069,Street light of Prague 01,,https://pub-8fba570827334e7b82883893c875a08c.r2.dev/photography/places/czech-republic/prague/1024px-Street_light_of_Prague_01.jpg,,,,light-card,,
,Photograph,Q315/Q3062/Q3050.html,Q3069,Street light in Prague 04,,https://pub-8fba570827334e7b82883893c875a08c.r2.dev/photography/places/czech-republic/prague/1024px-Street_light_in_Prague_04.jpg,,,,light-card,,
,Photograph,Q315/Q3062/Q3050.html,Q3069,Street light in Prague 02,,https://pub-8fba570827334e7b82883893c875a08c.r2.dev/photography/places/czech-republic/prague/1024px-Street_light_in_Prague_02.jpg,,,,light-card,,
,Photograph,Q315/Q3062/Q3050.html,Q3069,Street light of Prague 02,,https://pub-8fba570827334e7b82883893c875a08c.r2.dev/photography/places/czech-republic/prague/1024px-Street_light_of_Prague_02.jpg,,,,light-card,,
,Photograph,Q315/Q3062/Q3050.html,Q3070,"Street light, Copenhagen",,"https://pub-8fba570827334e7b82883893c875a08c.r2.dev/photography/places/denmark/copenhagen/1024px-Street_light,_Copenhagen.jpg",,,,light-card,,
,Photograph,Q315/Q3062/Q3050.html,Q3070,"Church of our Saviour, Copenhagen and street light",,"https://pub-8fba570827334e7b82883893c875a08c.r2.dev/photography/places/denmark/copenhagen/1024px-Church_of_our_Saviour,_Copenhagen_and_street_light.jpg",,,,light-card,,
,Photograph,Q315/Q3062/Q3050.html,Q3070,Street light in Copenhagen,,https://pub-8fba570827334e7b82883893c875a08c.r2.dev/photography/places/denmark/copenhagen/1024px-Street_light_in_Copenhagen.jpg,,,,light-card,,
,Photograph,Q315/Q3062/Q3050.html,Q3073,Street light in Avignon 03,,https://pub-8fba570827334e7b82883893c875a08c.r2.dev/photography/places/france/avignon/1024px-Street_light_in_Avignon_03.jpg,,,,light-card,,
,Photograph,Q315/Q3062/Q3050.html,Q3073,Street light in Avignon 05,,https://pub-8fba570827334e7b82883893c875a08c.r2.dev/photography/places/france/avignon/1024px-Street_light_in_Avignon_05.jpg,,,,light-card,,
,Photograph,Q315/Q3062/Q3050.html,Q3073,Street light in Avignon 01,,https://pub-8fba570827334e7b82883893c875a08c.r2.dev/photography/places/france/avignon/1024px-Street_light_in_Avignon_01.jpg,,,,light-card,,
,Photograph,Q315/Q3062/Q3050.html,Q3073,Street light of Abbey of Mont Saint Michel,,https://pub-8fba570827334e7b82883893c875a08c.r2.dev/photography/places/france/mont-saint-michel/1024px-Street_light_of_Abbey_of_Mont_Saint-Michel.jpg,,,,light-card,,
,Photograph,Q315/Q3062/Q3050.html,Q3073,Street light in Vaise,,https://pub-8fba570827334e7b82883893c875a08c.r2.dev/photography/places/france/vaise/1024px-Street_light_in_Vaise.jpg,,,,light-card,,
,Photograph,Q315/Q3062/Q3050.html,Q3077,Street light in Piazza San Marco (Florence),,https://pub-8fba570827334e7b82883893c875a08c.r2.dev/photography/places/italy/florence/1024px-Street_light_in_Piazza_San_Marco_(Florence).jpg,,,,light-card,,
,Photograph,Q315/Q3062/Q3050.html,Q3077,"Street light, Rome 01",,"https://pub-8fba570827334e7b82883893c875a08c.r2.dev/photography/places/italy/rome/1024px-Street_light,_Rome_01.jpg",,,,light-card,,
,Photograph,Q315/Q3062/Q3051.html,Q3229,Sunset in the Baltic Sea 01,,https://pub-8fba570827334e7b82883893c875a08c.r2.dev/photography/places/baltic-sea/baltic-sea/1024px-Sunset_in_the_Baltic_Sea_01.jpg,,,,sunset-card,,
,Photograph,Q315/Q3062/Q3051.html,Q3229,Sunset in the Baltic Sea 06,,https://pub-8fba570827334e7b82883893c875a08c.r2.dev/photography/places/baltic-sea/baltic-sea/1024px-Sunset_in_the_Baltic_Sea_06.jpg,,,,sunset-card,,
,Photograph,Q315/Q3062/Q3051.html,Q3229,Sunset in the Baltic Sea 07,,https://pub-8fba570827334e7b82883893c875a08c.r2.dev/photography/places/baltic-sea/baltic-sea/1024px-Sunset_in_the_Baltic_Sea_07.jpg,,,,sunset-card,,
,Photograph,Q315/Q3062/Q3051.html,Q3070,"Church of Holmen, Copenhagen",,"https://pub-8fba570827334e7b82883893c875a08c.r2.dev/photography/places/denmark/copenhagen/1024px-Church_of_Holmen,_Copenhagen.jpg",,,,sunset-card,,
,Photograph,Q315/Q3062/Q3051.html,Q3073,Sunset in Allier 02,,https://pub-8fba570827334e7b82883893c875a08c.r2.dev/photography/places/france/allier/1024px-Sunset_in_Allier_02.jpg,,,,sunset-card,,
,Photograph,Q315/Q3062/Q3051.html,Q3073,Sunset of Allier 04,,https://pub-8fba570827334e7b82883893c875a08c.r2.dev/photography/places/france/allier/1024px-Sunset_of_Allier_04.jpg,,,,sunset-card,,
,Photograph,Q315/Q3062/Q3051.html,Q3073,"Sunset, Lac de Paladru",,"https://pub-8fba570827334e7b82883893c875a08c.r2.dev/photography/places/france/lac-de-paladru/1024px-Sunset,_Lac_de_Paladru.jpg",,,,sunset-card,,
,Photograph,Q315/Q3062/Q3051.html,Q3073,"Sunset in park, Lyon",,"https://pub-8fba570827334e7b82883893c875a08c.r2.dev/photography/places/france/lyon/1024px-Sunset_in_park,_Lyon.jpg",,,,sunset-card,,
,Photograph,Q315/Q3062/Q3051.html,Q3073,Sunset viewed at Mons 01,,https://pub-8fba570827334e7b82883893c875a08c.r2.dev/photography/places/france/mons/1024px-Sunset_viewed_at_Mons_01.jpg,,,,sunset-card,,
,Photograph,Q315/Q3062/Q3051.html,Q3073,Sunset viewed at Mons 02,,https://pub-8fba570827334e7b82883893c875a08c.r2.dev/photography/places/france/mons/1024px-Sunset_viewed_at_Mons_02.jpg,,,,sunset-card,,
,Photograph,Q315/Q3062/Q3051.html,Q3073,Sunset viewed at Mons 09,,https://pub-8fba570827334e7b82883893c875a08c.r2.dev/photography/places/france/mons/1024px-Sunset_viewed_at_Mons_09.jpg,,,,sunset-card,,
,Photograph,Q315/Q3062/Q3051.html,Q3073,"Sunset, Pic Saint Loup",,"https://pub-8fba570827334e7b82883893c875a08c.r2.dev/photography/places/france/occitanie/1024px-Sunset,_Pic-Saint-Loup.jpg",,,,sunset-card,,
,Photograph,Q315/Q3062/Q3051.html,Q3074,Sunset and Trees in Rothenburg,,https://pub-8fba570827334e7b82883893c875a08c.r2.dev/photography/places/germany/rothenburg/1024px-Sunset_and_Trees_in_Rothenburg.jpg,,,,sunset-card,,
,Photograph,Q315/Q3062/Q3051.html,Q3074,Sunset Rothenburg,,https://pub-8fba570827334e7b82883893c875a08c.r2.dev/photography/places/germany/rothenburg/1024px-Sunset_Rothenburg.jpg,,,,sunset-card,,
,Photograph,Q315/Q3062/Q3051.html,Q3074,"Tower, Clouds and Trees Rothenburg",,"https://pub-8fba570827334e7b82883893c875a08c.r2.dev/photography/places/germany/rothenburg/1024px-Tower,_Clouds_and_Trees_Rothenburg.jpg",,,,sunset-card,,
,Photograph,Q315/Q3062/Q3051.html,Q3077,"Sunset and Sea, Venice",,"https://pub-8fba570827334e7b82883893c875a08c.r2.dev/photography/places/italy/venice/1024px-Sunset_and_Sea,_Venice.jpg",,,,sunset-card,,
,Photograph,Q315/Q3062/Q3051.html,Q3082,Sunset viewed at the Sanctuary of Bom Jesus do Monte 04,,https://pub-8fba570827334e7b82883893c875a08c.r2.dev/photography/places/portugal/braga/1024px-Sunset_viewed_at_the_Sanctuary_of_Bom_Jesus_do_Monte_04.jpg,,,,sunset-card,,
,Photograph,Q315/Q3062/Q3051.html,Q3082,Sunset viewed at the Sanctuary of Bom Jesus do Monte 05,,https://pub-8fba570827334e7b82883893c875a08c.r2.dev/photography/places/portugal/braga/1024px-Sunset_viewed_at_the_Sanctuary_of_Bom_Jesus_do_Monte_05.jpg,,,,sunset-card,,
,Photograph,Q315/Q3062/Q3051.html,Q3082,Sunset viewed at the Sanctuary of Bom Jesus do Monte 10,,https://pub-8fba570827334e7b82883893c875a08c.r2.dev/photography/places/portugal/braga/1024px-Sunset_viewed_at_the_Sanctuary_of_Bom_Jesus_do_Monte_10.jpg,,,,sunset-card,,
,Photograph,Q315/Q3062/Q3051.html,Q3082,"Sunset, Bom Jesus do Monte, Braga",,"https://pub-8fba570827334e7b82883893c875a08c.r2.dev/photography/places/portugal/braga/1024px-Sunset,_Bom_Jesus_do_Monte,_Braga.jpg",,,,sunset-card,,
,Photograph,Q315/Q3062/Q3051.html,Q3087,"Jet d'eau, Geneva",,"https://pub-8fba570827334e7b82883893c875a08c.r2.dev/photography/places/switzerland/geneva/1024px-Jet_d'eau,_Geneva.jpg",,,,sunset-card,,
,Photograph,Q315/Q3062/Q3052.html,Q3067,"Outer Pillars, Karlskirche",,"https://pub-8fba570827334e7b82883893c875a08c.r2.dev/photography/places/austria/vienna/1024px-Outer_Pillars,_Karlskirche.jpg",,,,symmetry-card,,
,Photograph,Q315/Q3062/Q3052.html,Q3070,Windows of City Hall In Copenhagen,,https://pub-8fba570827334e7b82883893c875a08c.r2.dev/photography/places/denmark/copenhagen/1024px-Windows_of_City_Hall_In_Copenhagen.jpg,,,,symmetry-card,,
,Photograph,Q315/Q3062/Q3052.html,Q3072,View of Railway station In Helsinki,,https://pub-8fba570827334e7b82883893c875a08c.r2.dev/photography/places/finland/helsinki/1024px-View_of_Railway_station_In_Helsinki.jpg,,,,symmetry-card,,
,Photograph,Q315/Q3062/Q3052.html,Q3073,Obélisque d'Arles 01,,https://pub-8fba570827334e7b82883893c875a08c.r2.dev/photography/places/france/arles/1024px-Obélisque_d'Arles_01.jpg,,,,symmetry-card,,
,Photograph,Q315/Q3062/Q3052.html,Q3073,Issoire   Kostel svatého Austremona   20130621142521,,https://pub-8fba570827334e7b82883893c875a08c.r2.dev/photography/places/france/issoire/1024px-Issoire_-_Kostel_svatého_Austremona_-_20130621142521.jpg,,,,symmetry-card,,
,Photograph,Q315/Q3062/Q3052.html,Q3073,Église de Saint Genix sur Guiers 32,,https://pub-8fba570827334e7b82883893c875a08c.r2.dev/photography/places/france/saint-genix-sur-guiers/1024px-Église_de_Saint-Genix-sur-Guiers_32.jpg,,,,symmetry-card,,
,Photograph,Q315/Q3062/Q3052.html,Q3073,Eglise Saint Aubin (Toulouse) Arche 20171118,,https://pub-8fba570827334e7b82883893c875a08c.r2.dev/photography/places/france/toulouse/1024px-Eglise_Saint-Aubin_(Toulouse)_Arche_20171118.jpg,,,,symmetry-card,,
,Photograph,Q315/Q3062/Q3052.html,Q3077,Building in Genoa 01,,https://pub-8fba570827334e7b82883893c875a08c.r2.dev/photography/places/italy/genoa/1024px-Building_in_Genoa_01.jpg,,,,symmetry-card,,
,Photograph,Q315/Q3062/Q3052.html,Q3077,Chiesa di Santa Chiara (Roma) 03,,https://pub-8fba570827334e7b82883893c875a08c.r2.dev/photography/places/italy/rome/1024px-Chiesa_di_Santa_Chiara_(Roma)_03.jpg,,,,symmetry-card,,
,Photograph,Q315/Q3062/Q3052.html,Q3210,"Street light, Amsterdam",,"https://pub-8fba570827334e7b82883893c875a08c.r2.dev/photography/places/netherlands/amsterdam/1024px-Street_light,_Amsterdam.jpg",,,,symmetry-card,,
,Photograph,Q315/Q3062/Q3052.html,Q3082,Cloister of Saint Amaro (Sé de Braga) 07,,https://pub-8fba570827334e7b82883893c875a08c.r2.dev/photography/places/portugal/braga/1024px-Cloister_of_Saint_Amaro_(Sé_de_Braga)_07.jpg,,,,symmetry-card,,
,Photograph,Q315/Q3062/Q3052.html,Q3082,Main facade of Palácio do Raio 02 cropped,,https://pub-8fba570827334e7b82883893c875a08c.r2.dev/photography/places/portugal/braga/1024px-Main_facade_of_Palácio_do_Raio_02-cropped.jpg,,,,symmetry-card,,
,Photograph,Q315/Q3062/Q3052.html,Q3082,View of Guimarães 28,,https://pub-8fba570827334e7b82883893c875a08c.r2.dev/photography/places/portugal/guimarães/1024px-View_of_Guimarães_28.jpg,,,,symmetry-card,,
,Photograph,Q315/Q3062/Q3052.html,Q3082,"Pipe organ, Igrejas dos Carmelitas e do Carmo",,"https://pub-8fba570827334e7b82883893c875a08c.r2.dev/photography/places/portugal/porto/1024px-Pipe_organ,_Igrejas_dos_Carmelitas_e_do_Carmo.jpg",,,,symmetry-card,,
,Photograph,Q315/Q3062/Q3052.html,Q3082,View of Porto 02,,https://pub-8fba570827334e7b82883893c875a08c.r2.dev/photography/places/portugal/porto/1024px-View_of_Porto_02.jpg,,,,symmetry-card,,
,Photograph,Q315/Q3062/Q3052.html,Q3089,"Altar of the Chair of Saint Peter, Vatican 02",,"https://pub-8fba570827334e7b82883893c875a08c.r2.dev/photography/places/vatican/vatican/1024px-Altar_of_the_Chair_of_Saint_Peter,_Vatican_02.jpg",,,,symmetry-card,,
,Photograph,Q315/Q3062/Q3053.html,Q3082,Tiled floor in Porto,,https://pub-8fba570827334e7b82883893c875a08c.r2.dev/photography/places/portugal/porto/1024px-Tiled_floor_in_Porto.jpg,,,,tessellation-card,,
,Photograph,Q315/Q3062/Q3053.html,Q3082,Doors and Windows in Porto 11,,https://pub-8fba570827334e7b82883893c875a08c.r2.dev/photography/places/portugal/porto/1024px-Doors_and_Windows_in_Porto_11.jpg,,,,tessellation-card,,
,Photograph,Q315/Q3062/Q3054.html,Q3078,"Train, Bridge on Daugava River",,"https://pub-8fba570827334e7b82883893c875a08c.r2.dev/photography/places/latvia/riga/1024px-Train,_Bridge_on_Daugava_River.jpg",,,,train-card,,
,Photograph,Q315/Q3062/Q3054.html,Q3078,Train In Riga,,https://pub-8fba570827334e7b82883893c875a08c.r2.dev/photography/places/latvia/riga/1024px-Train_In_Riga.jpg,,,,train-card,,
,Photograph,Q315/Q3062/Q3055.html,Q3078,"Tram, Riga",,"https://pub-8fba570827334e7b82883893c875a08c.r2.dev/photography/places/latvia/riga/1024px-Tram,_Riga.jpg",,,,tram-card,,
,Photograph,Q315/Q3062/Q3055.html,Q3078,"Coach, Tram, Riga",,"https://pub-8fba570827334e7b82883893c875a08c.r2.dev/photography/places/latvia/riga/1024px-Coach,_Tram,_Riga.jpg",,,,tram-card,,
,Photograph,Q315/Q3062/Q3056.html,Q3069,Rock formations in Adršpašsko teplické skály 38,,https://pub-8fba570827334e7b82883893c875a08c.r2.dev/photography/places/czech-republic/adršpašsko-teplické-skály/1024px-Rock_formations_in_Adršpašsko-teplické_skály_38.jpg,,,,tree-card,,
,Photograph,Q315/Q3062/Q3056.html,Q3073,"Yellow leaves on Tree, Lempdes",,"https://pub-8fba570827334e7b82883893c875a08c.r2.dev/photography/places/france/auvergne/1024px-Yellow_leaves_on_Tree,_Lempdes.jpg",,,,tree-card,,
,Photograph,Q315/Q3062/Q3056.html,Q3073,"Yellow leaves on Tree, Lempdes, Auvergne",,"https://pub-8fba570827334e7b82883893c875a08c.r2.dev/photography/places/france/auvergne/1024px-Yellow_leaves_on_Tree,_Lempdes,_Auvergne.jpg",,,,tree-card,,
,Photograph,Q315/Q3062/Q3056.html,Q3073,"Tree, Auvergne",,"https://pub-8fba570827334e7b82883893c875a08c.r2.dev/photography/places/france/auvergne/1024px-Tree,_Auvergne.jpg",,,,tree-card,,
,Photograph,Q315/Q3062/Q3056.html,Q3073,Trees in Mont Saint Michel in Winter (December) 12,,https://pub-8fba570827334e7b82883893c875a08c.r2.dev/photography/places/france/mont-saint-michel/1024px-Trees_in_Mont_Saint-Michel_in_Winter_(December)_12.jpg,,,,tree-card,,
,Photograph,Q315/Q3062/Q3056.html,Q3073,Street view of Loupian 15,,https://pub-8fba570827334e7b82883893c875a08c.r2.dev/photography/places/france/loupian/1024px-Street_view_of_Loupian_15.jpg,,,,tree-card,,
,Photograph,Q315/Q3062/Q3056.html,Q3073,Jardin des plantes de Nantes in Winter (December) 37,,https://pub-8fba570827334e7b82883893c875a08c.r2.dev/photography/places/france/nantes/1024px-Jardin_des_plantes_de_Nantes_in_Winter_(December)_37.jpg,,,,tree-card,,
,Photograph,Q315/Q3062/Q3056.html,Q3073,Jardin des plantes de Nantes in Winter (December) 03,,https://pub-8fba570827334e7b82883893c875a08c.r2.dev/photography/places/france/nantes/1024px-Jardin_des_plantes_de_Nantes_in_Winter_(December)_03.jpg,,,,tree-card,,
,Photograph,Q315/Q3062/Q3056.html,Q3073,Jardin des plantes de Nantes in Winter (December) 42,,https://pub-8fba570827334e7b82883893c875a08c.r2.dev/photography/places/france/nantes/1024px-Jardin_des_plantes_de_Nantes_in_Winter_(December)_42.jpg,,,,tree-card,,
,Photograph,Q315/Q3062/Q3056.html,Q3073,Tree branches with some leaves,,https://pub-8fba570827334e7b82883893c875a08c.r2.dev/photography/places/france/occitanie/1024px-Tree_branches_with_some_leaves.jpg,,,,tree-card,,
,Photograph,Q315/Q3062/Q3056.html,Q3073,View of Saint Genix sur Guiers 18,,https://pub-8fba570827334e7b82883893c875a08c.r2.dev/photography/places/france/saint-genix-sur-guiers/1024px-View_of_Saint-Genix-sur-Guiers_18.jpg,,,,tree-card,,
,Photograph,Q315/Q3062/Q3056.html,Q3074,Trees in Winter in Coburg 02,,https://pub-8fba570827334e7b82883893c875a08c.r2.dev/photography/places/germany/coburg/1024px-Trees_in_Winter_in_Coburg_02.jpg,,,,tree-card,,
,Photograph,Q315/Q3062/Q3056.html,Q3082,"View of Aveiro, Portugal 05",,"https://pub-8fba570827334e7b82883893c875a08c.r2.dev/photography/places/portugal/aveiro/1024px-View_of_Aveiro,_Portugal_05.jpg",,,,tree-card,,
,Photograph,Q315/Q3062/Q3056.html,Q3082,Igreja de São Miguel do Castelo (Guimarães) 01,,https://pub-8fba570827334e7b82883893c875a08c.r2.dev/photography/places/portugal/guimarães/1024px-Igreja_de_São_Miguel_do_Castelo_(Guimarães)_01.jpg,,,,tree-card,,
,Photograph,Q315/Q3062/Q3056.html,Q3082,Exterior view of Paço dos Duques de Bragança (Guimarães) 17,,https://pub-8fba570827334e7b82883893c875a08c.r2.dev/photography/places/portugal/guimarães/1024px-Exterior_view_of_Paço_dos_Duques_de_Bragança_(Guimarães)_17.jpg,,,,tree-card,,
,Photograph,Q315/Q3062/Q3056.html,Q3082,Tree in Porto 01,,https://pub-8fba570827334e7b82883893c875a08c.r2.dev/photography/places/portugal/porto/1024px-Tree_in_Porto_01.jpg,,,,tree-card,,
,Photograph,Q315/Q3062/Q3056.html,Q3082,Tree in Porto 03,,https://pub-8fba570827334e7b82883893c875a08c.r2.dev/photography/places/portugal/porto/1024px-Tree_in_Porto_03.jpg,,,,tree-card,,
,Photograph,Q315/Q3062/Q3057.html,Q3073,"Compains, Auvergne",,"https://pub-8fba570827334e7b82883893c875a08c.r2.dev/photography/places/france/auvergne/1024px-Compains,_Auvergne.jpg",,,,village-card,,
,Photograph,Q315/Q3062/Q3057.html,Q3073,Compains,,https://pub-8fba570827334e7b82883893c875a08c.r2.dev/photography/places/france/auvergne/1024px-Compains.jpg,,,,village-card,,
,Photograph,Q315/Q3062/Q3057.html,Q3073,Église Notre Dame de la Nativité de Mons at Sunset 03,,https://pub-8fba570827334e7b82883893c875a08c.r2.dev/photography/places/france/mons/1024px-Église_Notre-Dame-de-la-Nativité_de_Mons_at_Sunset_03.jpg,,,,village-card,,
,Photograph,Q315/Q3062/Q3058.html,Q3073,Eglise Saint Pierre du Mont Saint Michel 01,,https://pub-8fba570827334e7b82883893c875a08c.r2.dev/photography/places/france/mont-saint-michel/1024px-Eglise_Saint-Pierre_du_Mont_Saint-Michel_01.jpg,,,,wall-card,,
,Photograph,Q315/Q3062/Q3058.html,Q3073,"Front view, Église Saint Pierre du Plantay",,"https://pub-8fba570827334e7b82883893c875a08c.r2.dev/photography/places/france/plantay/1024px-Front_view,_Église_Saint-Pierre_du_Plantay.jpg",,,,wall-card,,
,Photograph,Q315/Q3062/Q3058.html,Q3077,"Door, Florence",,"https://pub-8fba570827334e7b82883893c875a08c.r2.dev/photography/places/italy/florence/1024px-Door,_Florence.jpg",,,,wall-card,,
,Photograph,Q315/Q3062/Q3058.html,Q3082,"Capela de Santa Catarina, Porto",,"https://pub-8fba570827334e7b82883893c875a08c.r2.dev/photography/places/portugal/porto/1024px-Capela_de_Santa_Catarina,_Porto.jpg",,,,wall-card,,
,Photograph,Q315/Q3062/Q3058.html,Q3082,Façade of Capela de Santa Catarina,,https://pub-8fba570827334e7b82883893c875a08c.r2.dev/photography/places/portugal/porto/1024px-Façade_of_Capela_de_Santa_Catarina.jpg,,,,wall-card,,
,Photograph,Q315/Q3062/Q3058.html,Q3082,"Tiled wall of Igrejas dos Carmelitas e do Carmo, Porto",,"https://pub-8fba570827334e7b82883893c875a08c.r2.dev/photography/places/portugal/porto/1024px-Tiled_wall_of_Igrejas_dos_Carmelitas_e_do_Carmo,_Porto.jpg",,,,wall-card,,
,Photograph,Q315/Q3062/Q3059.html,Q3229,Sunset in the Baltic Sea 05,,https://pub-8fba570827334e7b82883893c875a08c.r2.dev/photography/places/baltic-sea/baltic-sea/1024px-Sunset_in_the_Baltic_Sea_05.jpg,,,,wave-card,,
,Photograph,Q315/Q3062/Q3059.html,Q3229,Sunset in the Baltic Sea 06,,https://pub-8fba570827334e7b82883893c875a08c.r2.dev/photography/places/baltic-sea/baltic-sea/1024px-Sunset_in_the_Baltic_Sea_06.jpg,,,,wave-card,,
,Photograph,Q315/Q3062/Q3059.html,Q3073,"Sea gull, Marseille",,"https://pub-8fba570827334e7b82883893c875a08c.r2.dev/photography/places/france/marseille/1024px-Sea_gull,_Marseille.jpg",,,,wave-card,,
,Photograph,Q315/Q3062/Q3059.html,Q3075,"Clear sea water, Heraklion",,"https://pub-8fba570827334e7b82883893c875a08c.r2.dev/photography/places/greece/heraklion/1024px-Clear_sea_water,_Heraklion.jpg",,,,wave-card,,
,Photograph,Q315/Q3062/Q3059.html,Q3077,"Sunset and Sea, Venice",,"https://pub-8fba570827334e7b82883893c875a08c.r2.dev/photography/places/italy/venice/1024px-Sunset_and_Sea,_Venice.jpg",,,,wave-card,,
,Photograph,Q315/Q3062/Q3059.html,Q3077,"Sea Gull, Venice Beach",,"https://pub-8fba570827334e7b82883893c875a08c.r2.dev/photography/places/italy/venice/1024px-Sea_Gull,_Venice_Beach.jpg",,,,wave-card,,
,Photograph,Q315/Q3062/Q3060.html,Q3070,Windows of City Hall In Copenhagen,,https://pub-8fba570827334e7b82883893c875a08c.r2.dev/photography/places/denmark/copenhagen/1024px-Windows_of_City_Hall_In_Copenhagen.jpg,,,,window-card,,
,Photograph,Q315/Q3062/Q3060.html,Q3074,Barfüßerkirche (Erfurt) 13,,https://pub-8fba570827334e7b82883893c875a08c.r2.dev/photography/places/germany/erfurt/1024px-Barfüßerkirche_(Erfurt)_13.jpg,,,,window-card portrait,,
,Photograph,Q315/Q3062/Q3060.html,Q3077,Window in Florence 02,,https://pub-8fba570827334e7b82883893c875a08c.r2.dev/photography/places/italy/florence/1024px-Window_in_Florence_02.jpg,,,,window-card portrait,,
,Photograph,Q315/Q3062/Q3064.html,Q3068,Street light in Antwerp 07,,https://pub-8fba570827334e7b82883893c875a08c.r2.dev/photography/places/belgium/antwerp/1024px-Street_light_in_Antwerp_07.jpg,,,,pilgrimage-card,,
,Photograph,Q315/Q3062/Q3064.html,Q3073,Issoire   Kostel svatého Austremona   20130621142057,,https://pub-8fba570827334e7b82883893c875a08c.r2.dev/photography/places/france/issoire/1024px-Issoire_-_Kostel_svatého_Austremona_-_20130621142057.jpg,,,,pilgrimage-card,,
,Photograph,Q315/Q3062/Q3064.html,Q3073,Issoire   Kostel svatého Austremona   20130621144506,,https://pub-8fba570827334e7b82883893c875a08c.r2.dev/photography/places/france/issoire/1024px-Issoire_-_Kostel_svatého_Austremona_-_20130621144506.jpg,,,,pilgrimage-card,,
,Photograph,Q315/Q3062/Q3064.html,Q3073,Issoire   Kostel svatého Austremona   20130621142521,,https://pub-8fba570827334e7b82883893c875a08c.r2.dev/photography/places/france/issoire/1024px-Issoire_-_Kostel_svatého_Austremona_-_20130621142521.jpg,,,,pilgrimage-card portrait,,
,Photograph,Q315/Q3062/Q3064.html,Q3073,Remote view of Mont Saint Michel Abbey in the morning 05,,https://pub-8fba570827334e7b82883893c875a08c.r2.dev/photography/places/france/mont-saint-michel/1024px-Remote_view_of_Mont_Saint-Michel_Abbey_in_the_morning_05.jpg,,,,pilgrimage-card portrait,,
,Photograph,Q315/Q3062/Q3064.html,Q3073,Mont Saint Michel at sunset time 05,,https://pub-8fba570827334e7b82883893c875a08c.r2.dev/photography/places/france/mont-saint-michel/1024px-Mont_Saint-Michel_at_sunset_time_05.jpg,,,,pilgrimage-card portrait,,
,Photograph,Q315/Q3062/Q3064.html,Q3073,Tympanum of the central portal of the western facade of Notre Dame de Strasbourg 04,,https://pub-8fba570827334e7b82883893c875a08c.r2.dev/photography/places/france/strasbourg/1024px-Tympanum_of_the_central_portal_of_the_western_facade_of_Notre-Dame_de_Strasbourg_04.jpg,,,,pilgrimage-card portrait,,
,Photograph,Q315/Q3062/Q3064.html,Q3085,"Granada   Alhambra, Generalife and Albayzín, Granada   20170721153837",,"https://pub-8fba570827334e7b82883893c875a08c.r2.dev/photography/places/spain/alhambra/1024px-Granada_-_Alhambra,_Generalife_and_Albayzín,_Granada_-_20170721153837.jpg",,,,pilgrimage-card,,
,Photograph,Q315/Q3062/Q3064.html,Q3085,Granada   Alhambra   20170721160736,,https://pub-8fba570827334e7b82883893c875a08c.r2.dev/photography/places/spain/alhambra/1024px-Granada_-_Alhambra_-_20170721160736.jpg,,,,pilgrimage-card,,
,Photograph,Q315/Q3062/Q3064.html,Q3085,"Granada   Alhambra, Generalife and Albayzín, Granada   20170721154400",,"https://pub-8fba570827334e7b82883893c875a08c.r2.dev/photography/places/spain/alhambra/1024px-Granada_-_Alhambra,_Generalife_and_Albayzín,_Granada_-_20170721154400.jpg",,,,pilgrimage-card,,
,Photograph,Q315/Q3062/Q3064.html,Q3088,Delft   Oude Kerk   20160815125033,,https://pub-8fba570827334e7b82883893c875a08c.r2.dev/photography/places/the-netherlands/oude-kerk/1024px-Delft_-_Oude_Kerk_-_20160815125033.jpg,,,,pilgrimage-card,,
,Photograph,Q315/Q3062/Q3064.html,Q3088,Delft   Nieuwe Kerk   20160815131926,,https://pub-8fba570827334e7b82883893c875a08c.r2.dev/photography/places/the-netherlands/nieuwe-kerk/1024px-Delft_-_Nieuwe_Kerk_-_20160815131926.jpg,,,,pilgrimage-card,,
,Photograph,Q315/Q3062/Q3064.html,Q3088,Delft   Nieuwe Kerk   20160815125457,,https://pub-8fba570827334e7b82883893c875a08c.r2.dev/photography/places/the-netherlands/nieuwe-kerk/1024px-Delft_-_Nieuwe_Kerk_-_20160815125457.jpg,,,,pilgrimage-card portrait,,
,Photograph,Q315/Q3062/index.html,,"Arch, Castelo de Guimarães",,"https://pub-8fba570827334e7b82883893c875a08c.r2.dev/photography/places/portugal/castelo_de_guimarães/1024px-Arch,_Castelo_de_Guimarães.jpg",Q3019.html,,,gallery-card,,
,Photograph,Q315/Q3062/index.html,,"United Nations Headquarters, Geneva",,"https://pub-8fba570827334e7b82883893c875a08c.r2.dev/photography/places/switzerland/geneva/1024px-United_Nations_Headquarters,_Geneva.jpg",Q3026.html,,,gallery-card,,
,Photograph,Q315/Q3062/index.html,,Remote view of Mont Saint Michel Abbey in the morning 05,,https://pub-8fba570827334e7b82883893c875a08c.r2.dev/photography/topics/uncategorized/1024px-Remote_view_of_Mont_Saint-Michel_Abbey_in_the_morning_05.jpg,Q3064.html,,,gallery-card,,
,Photograph,Q315/Q3062/index.html,,Marche des fiertés Lyon 2022,,https://pub-8fba570827334e7b82883893c875a08c.r2.dev/photography/places/france/lyon/1024px-Marche_des_fiertés_Lyon_2022.jpg,Q3040.html,,,gallery-card,,
,Photograph,Q315/Q3062/index.html,,"Sea Gull, Venice Beach",,"https://pub-8fba570827334e7b82883893c875a08c.r2.dev/photography/places/nature/water/1024px-Sea_Gull,_Venice_Beach.jpg",Q3020.html,,,gallery-card,,
,Photograph,Q315/Q3062/index.html,,"Skyline, Rotterdam",,"https://pub-8fba570827334e7b82883893c875a08c.r2.dev/photography/places/netherlands/rotterdam/1024px-Skyline,_Rotterdam.jpg",Q3025.html,,,gallery-card,,
,Photograph,Q315/Q3062/index.html,,"Compains, Auvergne",,"https://pub-8fba570827334e7b82883893c875a08c.r2.dev/photography/places/france/auvergne/1024px-Compains,_Auvergne.jpg",Q3057.html,,,gallery-card,,
,Photograph,Q315/Q3062/index.html,,Forum Romanum (Rome) 26,,https://pub-8fba570827334e7b82883893c875a08c.r2.dev/photography/places/italy/rome/1024px-Forum_Romanum_(Rome)_26.jpg,Q3032.html,,,gallery-card,,
,Photograph,Q315/Q3062/index.html,,Pisa   Leaning Tower of Pisa   20161008124849,,https://pub-8fba570827334e7b82883893c875a08c.r2.dev/photography/topics/uncategorized/1024px-Pisa_-_Leaning_Tower_of_Pisa_-_20161008124849.jpg,Q3033.html,,,gallery-card,,
,Photograph,Q315/Q3062/index.html,,Goulash,,https://pub-8fba570827334e7b82883893c875a08c.r2.dev/photography/topics/uncategorized/1024px-Goulash.jpg,Q3030.html,,,gallery-card,,
,Photograph,Q315/Q3062/index.html,,"Sunset and Sea, Venice",,"https://pub-8fba570827334e7b82883893c875a08c.r2.dev/photography/places/italy/venice/1024px-Sunset_and_Sea,_Venice.jpg",Q3051.html,,,gallery-card,,
,Photograph,Q315/Q3062/index.html,,"Night lights, Lugano",,"https://pub-8fba570827334e7b82883893c875a08c.r2.dev/photography/places/switzerland/lugano/1024px-Night_lights,_Lugano.jpg",Q3038.html,,,gallery-card,,
,Photograph,Q315/Q3062/index.html,,"Statue of Nilen, Copenhagen",,"https://pub-8fba570827334e7b82883893c875a08c.r2.dev/photography/places/denmark/copenhagen/1024px-Statue_of_Nilen,_Copenhagen.jpg",Q3048.html,,,gallery-card,,
,Photograph,Q315/Q3062/index.html,,Bicycles in Arles,,https://pub-8fba570827334e7b82883893c875a08c.r2.dev/photography/places/france/arles/1024px-Bicycles_in_Arles.jpg,Q3027.html,,,gallery-card,,
,Photograph,Q315/Q3062/index.html,,Stickers on street pump,,https://pub-8fba570827334e7b82883893c875a08c.r2.dev/photography/places/nature/vegetation/1024px-Stickers_on_street-pump.jpg,Q3049.html,,,gallery-card,,
,Photograph,Q315/Q3062/index.html,,"Street light, Stockholm",,"https://pub-8fba570827334e7b82883893c875a08c.r2.dev/photography/places/sweden/stockholm/1024px-Street_light,_Stockholm.jpg",Q3050.html,,,gallery-card,,
,Photograph,Q315/Q3062/index.html,,Issoire   Kostel svatého Austremona   20130621142057,,https://pub-8fba570827334e7b82883893c875a08c.r2.dev/photography/topics/uncategorized/1024px-Issoire_-_Kostel_svatého_Austremona_-_20130621142057.jpg,Q3023.html,,,gallery-card,,
,Photograph,Q315/Q3062/index.html,,"Tiled wall of Igrejas dos Carmelitas e do Carmo, Porto",,"https://pub-8fba570827334e7b82883893c875a08c.r2.dev/photography/places/portugal/porto/1024px-Tiled_wall_of_Igrejas_dos_Carmelitas_e_do_Carmo,_Porto.jpg",Q3058.html,,,gallery-card,,
,Photograph,Q315/Q3062/index.html,,Main facade of Palácio do Raio 02 cropped,,https://pub-8fba570827334e7b82883893c875a08c.r2.dev/photography/topics/uncategorized/1024px-Main_facade_of_Palácio_do_Raio_02-cropped.jpg,Q3028.html,,,gallery-card,,
,Photograph,Q315/Q3062/index.html,,Windows of City Hall In Copenhagen,,https://pub-8fba570827334e7b82883893c875a08c.r2.dev/photography/topics/uncategorized/1024px-Windows_of_City_Hall_In_Copenhagen.jpg,Q3060.html,,,gallery-card,,
,Photograph,Q315/Q3062/index.html,,"Bench, Copenhagen",,"https://pub-8fba570827334e7b82883893c875a08c.r2.dev/photography/places/denmark/copenhagen/1024px-Bench,_Copenhagen.jpg",Q3034.html,,,gallery-card,,
,Photograph,Q315/Q3062/index.html,,Bridge on Duoro River,,https://pub-8fba570827334e7b82883893c875a08c.r2.dev/photography/places/nature/water/1024px-Bridge_on_Duoro_River.jpg,Q3022.html,,,gallery-card,,
,Photograph,Q315/Q3062/index.html,,"Train station, Porto",,"https://pub-8fba570827334e7b82883893c875a08c.r2.dev/photography/places/portugal/porto/1024px-Train_station,_Porto.jpg",Q3047.html,,,gallery-card,,
,Photograph,Q315/Q3062/index.html,,Train In Riga,,https://pub-8fba570827334e7b82883893c875a08c.r2.dev/photography/places/latvia/riga/1024px-Train_In_Riga.jpg,Q3054.html,,,gallery-card,,
,Photograph,Q315/Q3062/index.html,,"Coach, Tram, Riga",,"https://pub-8fba570827334e7b82883893c875a08c.r2.dev/photography/places/latvia/riga/1024px-Coach,_Tram,_Riga.jpg",Q3055.html,,,gallery-card,,
,Photograph,Q315/Q3062/index.html,,Bright Yellow flower,,https://pub-8fba570827334e7b82883893c875a08c.r2.dev/photography/places/flowers/blooms/1024px-Bright_Yellow_flower.jpg,Q3029.html,,,gallery-card,,
,Photograph,Q315/Q3062/index.html,,Tree branches with some leaves,,https://pub-8fba570827334e7b82883893c875a08c.r2.dev/photography/places/nature/vegetation/1024px-Tree_branches_with_some_leaves.jpg,Q3037.html,,,gallery-card,,
,Photograph,Q315/Q3062/index.html,,Dandelion in nature,,https://pub-8fba570827334e7b82883893c875a08c.r2.dev/photography/places/flowers/blooms/1024px-Dandelion_in_nature.jpg,Q3039.html,,,gallery-card,,
,Photograph,Q315/Q3062/index.html,,"Tree, Pavilhão Rosa Mota, Porto",,"https://pub-8fba570827334e7b82883893c875a08c.r2.dev/photography/places/portugal/porto/1024px-Tree,_Pavilhão_Rosa_Mota,_Porto.jpg",Q3036.html,,,gallery-card,,
,Photograph,Q315/Q3062/index.html,,View of Saint Genix sur Guiers 18,,https://pub-8fba570827334e7b82883893c875a08c.r2.dev/photography/topics/uncategorized/1024px-View_of_Saint-Genix-sur-Guiers_18.jpg,Q3056.html,,,gallery-card,,
,Photograph,Q315/Q3062/index.html,,Rock formations in Adršpašsko teplické skály 45,,https://pub-8fba570827334e7b82883893c875a08c.r2.dev/photography/places/nature/geology/1024px-Rock_formations_in_Adršpašsko-teplické_skály_45.jpg,Q3044.html,,,gallery-card,,
,Photograph,Q315/Q3062/index.html,,Baltic Sea and Cloud,,https://pub-8fba570827334e7b82883893c875a08c.r2.dev/photography/places/nature/water/1024px-Baltic_Sea_and_Cloud.jpg,Q3045.html,,,gallery-card,,
,Photograph,Q315/Q3062/index.html,,Lake Pavin,,https://pub-8fba570827334e7b82883893c875a08c.r2.dev/photography/places/nature/water/1024px-Lake_Pavin.jpg,Q3035.html,,,gallery-card,,
,Photograph,Q315/Q3062/index.html,,Bridge on Daugava River,,https://pub-8fba570827334e7b82883893c875a08c.r2.dev/photography/places/nature/water/1024px-Bridge_on_Daugava_River.jpg,Q3043.html,,,gallery-card,,
,Photograph,Q315/Q3062/index.html,,"Alhambra, Granada 2016",,"https://pub-8fba570827334e7b82883893c875a08c.r2.dev/photography/places/spain/granada-2016/1024px-Alhambra,_Granada-2016.jpg",Q3042.html,,,gallery-card,,
,Photograph,Q315/Q3062/index.html,,"Outer Pillars, Karlskirche",,"https://pub-8fba570827334e7b82883893c875a08c.r2.dev/photography/places/austria/karlskirche/1024px-Outer_Pillars,_Karlskirche.jpg",Q3052.html,,,gallery-card,,
,Photograph,Q315/Q3062/index.html,,Tiled floor in Porto,,https://pub-8fba570827334e7b82883893c875a08c.r2.dev/photography/topics/uncategorized/1024px-Tiled_floor_in_Porto.jpg,Q3053.html,,,gallery-card,,
,Photograph,Q315/Q3062/index.html,,Reflection of buildings in water,,https://pub-8fba570827334e7b82883893c875a08c.r2.dev/photography/topics/uncategorized/1024px-Reflection_of_buildings_in_water.jpg,Q3041.html,,,gallery-card,,
,Photograph,Q315/Q3062/index.html,,Wikidata Birthday Celebrations   Cake 2,,https://pub-8fba570827334e7b82883893c875a08c.r2.dev/photography/topics/uncategorized/1024px-Wikidata_Birthday_Celebrations_-_Cake_2.jpg,Q3024.html,,,gallery-card,,
,Photograph,Q315/Q3062/index.html,,Reflection of buildings in Pisa 06,,https://pub-8fba570827334e7b82883893c875a08c.r2.dev/photography/topics/uncategorized/1024px-Reflection_of_buildings_in_Pisa_06.jpg,Q3063.html,,,gallery-card,,
,Photograph,Q315/Q3062/index.html,,Exterior view of Igreja dos Clérigos 06,,https://pub-8fba570827334e7b82883893c875a08c.r2.dev/photography/topics/uncategorized/1024px-Exterior_view_of_Igreja_dos_Clérigos_06.jpg,Q3046.html,,,gallery-card,,
